prime,gap_from_prev,checks_for_prime,mods_since_last_prime,tested_since_last_prime,avg_tests_per_number,max_sqrt_seen_in_span
2,,0,0,1,0.0,1
3,1,0,0,1,0.0,1
5,2,1,2,2,1.0,2
7,2,1,2,2,1.0,2
11,4,2,6,4,1.5,3
13,2,2,3,2,1.5,3
17,4,3,7,4,1.75,4
19,2,3,4,2,2.0,4
23,4,3,7,4,1.75,4
29,6,4,13,6,2.1666666666666665,5
31,2,4,5,2,2.5,5
37,6,5,14,6,2.3333333333333335,6
41,4,5,9,4,2.25,6
43,2,5,6,2,3.0,6
47,4,5,9,4,2.25,6
53,6,6,17,6,2.8333333333333335,7
59,6,6,15,6,2.5,7
61,2,6,7,2,3.5,7
67,6,7,16,6,2.6666666666666665,8
71,4,7,11,4,2.75,8
73,2,7,8,2,4.0,8
79,6,7,18,6,3.0,8
83,4,8,12,4,3.0,9
89,6,8,17,6,2.8333333333333335,9
97,8,8,24,8,3.0,9
101,4,9,13,4,3.25,10
103,2,9,10,2,5.0,10
107,4,9,13,4,3.25,10
109,2,9,10,2,5.0,10
113,4,9,13,4,3.25,10
127,14,10,45,14,3.2142857142857144,11
131,4,10,14,4,3.5,11
137,6,10,21,6,3.5,11
139,2,10,11,2,5.5,11
149,10,11,34,10,3.4,12
151,2,11,12,2,6.0,12
157,6,11,20,6,3.3333333333333335,12
163,6,11,22,6,3.6666666666666665,12
167,4,11,15,4,3.75,12
173,6,12,29,6,4.833333333333333,13
179,6,12,21,6,3.5,13
181,2,12,13,2,6.5,13
191,10,12,35,10,3.5,13
193,2,12,13,2,6.5,13
197,4,13,17,4,4.25,14
199,2,13,14,2,7.0,14
211,12,13,43,12,3.5833333333333335,14
223,12,13,45,12,3.75,14
227,4,14,18,4,4.5,15
229,2,14,15,2,7.5,15
233,4,14,18,4,4.5,15
239,6,14,23,6,3.8333333333333335,15
241,2,14,15,2,7.5,15
251,10,14,39,10,3.9,15
257,6,15,30,6,5.0,16
263,6,15,26,6,4.333333333333333,16
269,6,15,24,6,4.0,16
271,2,15,16,2,8.0,16
277,6,15,24,6,4.0,16
281,4,15,19,4,4.75,16
283,2,15,16,2,8.0,16
293,10,16,47,10,4.7,17
307,14,16,53,14,3.7857142857142856,17
311,4,16,20,4,5.0,17
313,2,16,17,2,8.5,17
317,4,16,20,4,5.0,17
331,14,17,64,14,4.571428571428571,18
337,6,17,26,6,4.333333333333333,18
347,10,17,42,10,4.2,18
349,2,17,18,2,9.0,18
353,4,17,21,4,5.25,18
359,6,17,26,6,4.333333333333333,18
367,8,18,46,8,5.75,19
373,6,18,29,6,4.833333333333333,19
379,6,18,35,6,5.833333333333333,19
383,4,18,22,4,5.5,19
389,6,18,27,6,4.5,19
397,8,18,44,8,5.5,19
401,4,19,23,4,5.75,20
409,8,19,47,8,5.875,20
419,10,19,38,10,3.8,20
421,2,19,20,2,10.0,20
431,10,19,38,10,3.8,20
433,2,19,20,2,10.0,20
439,6,19,42,6,7.0,20
443,4,20,24,4,6.0,21
449,6,20,29,6,4.833333333333333,21
457,8,20,40,8,5.0,21
461,4,20,24,4,6.0,21
463,2,20,21,2,10.5,21
467,4,20,24,4,6.0,21
479,12,20,50,12,4.166666666666667,21
487,8,21,43,8,5.375,22
491,4,21,25,4,6.25,22
499,8,21,49,8,6.125,22
503,4,21,25,4,6.25,22
509,6,21,30,6,5.0,22
521,12,21,51,12,4.25,22
523,2,21,22,2,11.0,22
541,18,22,97,18,5.388888888888889,23
547,6,22,31,6,5.166666666666667,23
557,10,22,55,10,5.5,23
563,6,22,39,6,6.5,23
569,6,22,31,6,5.166666666666667,23
571,2,22,23,2,11.5,23
577,6,23,32,6,5.333333333333333,24
587,10,23,48,10,4.8,24
593,6,23,46,6,7.666666666666667,24
599,6,23,32,6,5.333333333333333,24
601,2,23,24,2,12.0,24
607,6,23,32,6,5.333333333333333,24
613,6,23,40,6,6.666666666666667,24
617,4,23,27,4,6.75,24
619,2,23,24,2,12.0,24
631,12,24,60,12,5.0,25
641,10,24,43,10,4.3,25
643,2,24,25,2,12.5,25
647,4,24,28,4,7.0,25
653,6,24,39,6,6.5,25
659,6,24,33,6,5.5,25
661,2,24,25,2,12.5,25
673,12,24,70,12,5.833333333333333,25
677,4,25,29,4,7.25,26
683,6,25,36,6,6.0,26
691,8,25,47,8,5.875,26
701,10,25,54,10,5.4,26
709,8,25,55,8,6.875,26
719,10,25,60,10,6.0,26
727,8,25,41,8,5.125,26
733,6,26,47,6,7.833333333333333,27
739,6,26,41,6,6.833333333333333,27
743,4,26,30,4,7.5,27
751,8,26,42,8,5.25,27
757,6,26,35,6,5.833333333333333,27
761,4,26,30,4,7.5,27
769,8,26,50,8,6.25,27
773,4,26,30,4,7.5,27
787,14,27,74,14,5.285714285714286,28
797,10,27,54,10,5.4,28
809,12,27,67,12,5.583333333333333,28
811,2,27,28,2,14.0,28
821,10,27,58,10,5.8,28
823,2,27,28,2,14.0,28
827,4,27,31,4,7.75,28
829,2,27,28,2,14.0,28
839,10,27,46,10,4.6,28
853,14,28,99,14,7.071428571428571,29
857,4,28,32,4,8.0,29
859,2,28,29,2,14.5,29
863,4,28,32,4,8.0,29
877,14,28,69,14,4.928571428571429,29
881,4,28,32,4,8.0,29
883,2,28,29,2,14.5,29
887,4,28,32,4,8.0,29
907,20,29,121,20,6.05,30
911,4,29,33,4,8.25,30
919,8,29,51,8,6.375,30
929,10,29,54,10,5.4,30
937,8,29,45,8,5.625,30
941,4,29,33,4,8.25,30
947,6,29,56,6,9.333333333333334,30
953,6,29,46,6,7.666666666666667,30
967,14,30,85,14,6.071428571428571,31
971,4,30,34,4,8.5,31
977,6,30,41,6,6.833333333333333,31
983,6,30,45,6,7.5,31
991,8,30,62,8,7.75,31
997,6,30,39,6,6.5,31
1009,12,30,80,12,6.666666666666667,31
1013,4,30,34,4,8.5,31
1019,6,30,39,6,6.5,31
1021,2,30,31,2,15.5,31
1031,10,31,56,10,5.6,32
1033,2,31,32,2,16.0,32
1039,6,31,52,6,8.666666666666666,32
1049,10,31,50,10,5.0,32
1051,2,31,32,2,16.0,32
1061,10,31,50,10,5.0,32
1063,2,31,32,2,16.0,32
1069,6,31,46,6,7.666666666666667,32
1087,18,31,116,18,6.444444444444445,32
1091,4,32,36,4,9.0,33
1093,2,32,33,2,16.5,33
1097,4,32,36,4,9.0,33
1103,6,32,43,6,7.166666666666667,33
1109,6,32,41,6,6.833333333333333,33
1117,8,32,52,8,6.5,33
1123,6,32,55,6,9.166666666666666,33
1129,6,32,43,6,7.166666666666667,33
1151,22,32,121,22,5.5,33
1153,2,32,33,2,16.5,33
1163,10,33,72,10,7.2,34
1171,8,33,49,8,6.125,34
1181,10,33,56,10,5.6,34
1187,6,33,44,6,7.333333333333333,34
1193,6,33,66,6,11.0,34
1201,8,33,53,8,6.625,34
1213,12,33,69,12,5.75,34
1217,4,33,37,4,9.25,34
1223,6,33,60,6,10.0,34
1229,6,34,43,6,7.166666666666667,35
1231,2,34,35,2,17.5,35
1237,6,34,43,6,7.166666666666667,35
1249,12,34,98,12,8.166666666666666,35
1259,10,34,53,10,5.3,35
1277,18,34,119,18,6.611111111111111,35
1279,2,34,35,2,17.5,35
1283,4,34,38,4,9.5,35
1289,6,34,43,6,7.166666666666667,35
1291,2,34,35,2,17.5,35
1297,6,35,44,6,7.333333333333333,36
1301,4,35,39,4,9.75,36
1303,2,35,36,2,18.0,36
1307,4,35,39,4,9.75,36
1319,12,35,67,12,5.583333333333333,36
1321,2,35,36,2,18.0,36
1327,6,35,44,6,7.333333333333333,36
1361,34,35,192,34,5.647058823529412,36
1367,6,35,68,6,11.333333333333334,36
1373,6,36,77,6,12.833333333333334,37
1381,8,36,52,8,6.5,37
1399,18,36,101,18,5.611111111111111,37
1409,10,36,71,10,7.1,37
1423,14,36,85,14,6.071428571428571,37
1427,4,36,40,4,10.0,37
1429,2,36,37,2,18.5,37
1433,4,36,40,4,10.0,37
1439,6,36,45,6,7.5,37
1447,8,37,57,8,7.125,38
1451,4,37,41,4,10.25,38
1453,2,37,38,2,19.0,38
1459,6,37,72,6,12.0,38
1471,12,37,69,12,5.75,38
1481,10,37,56,10,5.6,38
1483,2,37,38,2,19.0,38
1487,4,37,41,4,10.25,38
1489,2,37,38,2,19.0,38
1493,4,37,41,4,10.25,38
1499,6,37,46,6,7.666666666666667,38
1511,12,37,79,12,6.583333333333333,38
1523,12,38,106,12,8.833333333333334,39
1531,8,38,58,8,7.25,39
1543,12,38,102,12,8.5,39
1549,6,38,49,6,8.166666666666666,39
1553,4,38,42,4,10.5,39
1559,6,38,47,6,7.833333333333333,39
1567,8,38,54,8,6.75,39
1571,4,38,42,4,10.5,39
1579,8,38,72,8,9.0,39
1583,4,38,42,4,10.5,39
1597,14,38,99,14,7.071428571428571,39
1601,4,39,43,4,10.75,40
1607,6,39,50,6,8.333333333333334,40
1609,2,39,40,2,20.0,40
1613,4,39,43,4,10.75,40
1619,6,39,48,6,8.0,40
1621,2,39,40,2,20.0,40
1627,6,39,48,6,8.0,40
1637,10,39,76,10,7.6,40
1657,20,39,131,20,6.55,40
1663,6,39,54,6,9.0,40
1667,4,39,43,4,10.75,40
1669,2,39,40,2,20.0,40
1693,24,40,160,24,6.666666666666667,41
1697,4,40,44,4,11.0,41
1699,2,40,41,2,20.5,41
1709,10,40,65,10,6.5,41
1721,12,40,98,12,8.166666666666666,41
1723,2,40,41,2,20.5,41
1733,10,40,65,10,6.5,41
1741,8,40,86,8,10.75,41
1747,6,40,49,6,8.166666666666666,41
1753,6,40,61,6,10.166666666666666,41
1759,6,40,51,6,8.5,41
1777,18,41,138,18,7.666666666666667,42
1783,6,41,58,6,9.666666666666666,42
1787,4,41,45,4,11.25,42
1789,2,41,42,2,21.0,42
1801,12,41,71,12,5.916666666666667,42
1811,10,41,66,10,6.6,42
1823,12,41,95,12,7.916666666666667,42
1831,8,41,81,8,10.125,42
1847,16,41,93,16,5.8125,42
1861,14,42,125,14,8.928571428571429,43
1867,6,42,51,6,8.5,43
1871,4,42,46,4,11.5,43
1873,2,42,43,2,21.5,43
1877,4,42,46,4,11.5,43
1879,2,42,43,2,21.5,43
1889,10,42,61,10,6.1,43
1901,12,42,92,12,7.666666666666667,43
1907,6,42,57,6,9.5,43
1913,6,42,69,6,11.5,43
1931,18,42,139,18,7.722222222222222,43
1933,2,42,43,2,21.5,43
1949,16,43,107,16,6.6875,44
1951,2,43,44,2,22.0,44
1973,22,43,148,22,6.7272727272727275,44
1979,6,43,52,6,8.666666666666666,44
1987,8,43,59,8,7.375,44
1993,6,43,58,6,9.666666666666666,44
1997,4,43,47,4,11.75,44
1999,2,43,44,2,22.0,44
2003,4,43,47,4,11.75,44
2011,8,43,59,8,7.375,44
2017,6,43,52,6,8.666666666666666,44
2027,10,44,101,10,10.1,45
2029,2,44,45,2,22.5,45
2039,10,44,75,10,7.5,45
2053,14,44,99,14,7.071428571428571,45
2063,10,44,91,10,9.1,45
2069,6,44,53,6,8.833333333333334,45
2081,12,44,106,12,8.833333333333334,45
2083,2,44,45,2,22.5,45
2087,4,44,48,4,12.0,45
2089,2,44,45,2,22.5,45
2099,10,44,63,10,6.3,45
2111,12,44,74,12,6.166666666666667,45
2113,2,44,45,2,22.5,45
2129,16,45,113,16,7.0625,46
2131,2,45,46,2,23.0,46
2137,6,45,54,6,9.0,46
2141,4,45,49,4,12.25,46
2143,2,45,46,2,23.0,46
2153,10,45,78,10,7.8,46
2161,8,45,71,8,8.875,46
2179,18,45,132,18,7.333333333333333,46
2203,24,45,167,24,6.958333333333333,46
2207,4,45,49,4,12.25,46
2213,6,46,97,6,16.166666666666668,47
2221,8,46,62,8,7.75,47
2237,16,46,108,16,6.75,47
2239,2,46,47,2,23.5,47
2243,4,46,50,4,12.5,47
2251,8,46,68,8,8.5,47
2267,16,46,136,16,8.5,47
2269,2,46,47,2,23.5,47
2273,4,46,50,4,12.5,47
2281,8,46,98,8,12.25,47
2287,6,46,55,6,9.166666666666666,47
2293,6,46,79,6,13.166666666666666,47
2297,4,46,50,4,12.5,47
2309,12,47,77,12,6.416666666666667,48
2311,2,47,48,2,24.0,48
2333,22,47,136,22,6.181818181818182,48
2339,6,47,56,6,9.333333333333334,48
2341,2,47,48,2,24.0,48
2347,6,47,56,6,9.333333333333334,48
2351,4,47,51,4,12.75,48
2357,6,47,64,6,10.666666666666666,48
2371,14,47,106,14,7.571428571428571,48
2377,6,47,56,6,9.333333333333334,48
2381,4,47,51,4,12.75,48
2383,2,47,48,2,24.0,48
2389,6,47,58,6,9.666666666666666,48
2393,4,47,51,4,12.75,48
2399,6,47,56,6,9.333333333333334,48
2411,12,48,96,12,8.0,49
2417,6,48,71,6,11.833333333333334,49
2423,6,48,93,6,15.5,49
2437,14,48,83,14,5.928571428571429,49
2441,4,48,52,4,13.0,49
2447,6,48,59,6,9.833333333333334,49
2459,12,48,102,12,8.5,49
2467,8,48,80,8,10.0,49
2473,6,48,59,6,9.833333333333334,49
2477,4,48,52,4,13.0,49
2503,26,49,240,26,9.23076923076923,50
2521,18,49,118,18,6.555555555555555,50
2531,10,49,68,10,6.8,50
2539,8,49,113,8,14.125,50
2543,4,49,53,4,13.25,50
2549,6,49,58,6,9.666666666666666,50
2551,2,49,50,2,25.0,50
2557,6,49,58,6,9.666666666666666,50
2579,22,49,146,22,6.636363636363637,50
2591,12,49,103,12,8.583333333333334,50
2593,2,49,50,2,25.0,50
2609,16,50,114,16,7.125,51
2617,8,50,66,8,8.25,51
2621,4,50,54,4,13.5,51
2633,12,50,148,12,12.333333333333334,51
2647,14,50,93,14,6.642857142857143,51
2657,10,50,75,10,7.5,51
2659,2,50,51,2,25.5,51
2663,4,50,54,4,13.5,51
2671,8,50,76,8,9.5,51
2677,6,50,59,6,9.833333333333334,51
2683,6,50,61,6,10.166666666666666,51
2687,4,50,54,4,13.5,51
2689,2,50,51,2,25.5,51
2693,4,50,54,4,13.5,51
2699,6,50,59,6,9.833333333333334,51
2707,8,51,97,8,12.125,52
2711,4,51,55,4,13.75,52
2713,2,51,52,2,26.0,52
2719,6,51,66,6,11.0,52
2729,10,51,70,10,7.0,52
2731,2,51,52,2,26.0,52
2741,10,51,70,10,7.0,52
2749,8,51,109,8,13.625,52
2753,4,51,55,4,13.75,52
2767,14,51,110,14,7.857142857142857,52
2777,10,51,122,10,12.2,52
2789,12,51,81,12,6.75,52
2791,2,51,52,2,26.0,52
2797,6,51,60,6,10.0,52
2801,4,51,55,4,13.75,52
2803,2,51,52,2,26.0,52
2819,16,52,156,16,9.75,53
2833,14,52,101,14,7.214285714285714,53
2837,4,52,56,4,14.0,53
2843,6,52,73,6,12.166666666666666,53
2851,8,52,68,8,8.5,53
2857,6,52,61,6,10.166666666666666,53
2861,4,52,56,4,14.0,53
2879,18,52,153,18,8.5,53
2887,8,52,104,8,13.0,53
2897,10,52,77,10,7.7,53
2903,6,52,69,6,11.5,53
2909,6,52,61,6,10.166666666666666,53
2917,8,53,103,8,12.875,54
2927,10,53,120,10,12.0,54
2939,12,53,101,12,8.416666666666666,54
2953,14,53,102,14,7.285714285714286,54
2957,4,53,57,4,14.25,54
2963,6,53,68,6,11.333333333333334,54
2969,6,53,62,6,10.333333333333334,54
2971,2,53,54,2,27.0,54
2999,28,53,199,28,7.107142857142857,54
3001,2,53,54,2,27.0,54
3011,10,53,96,10,9.6,54
3019,8,53,87,8,10.875,54
3023,4,53,57,4,14.25,54
3037,14,54,91,14,6.5,55
3041,4,54,58,4,14.5,55
3049,8,54,86,8,10.75,55
3061,12,54,116,12,9.666666666666666,55
3067,6,54,63,6,10.5,55
3079,12,54,122,12,10.166666666666666,55
3083,4,54,58,4,14.5,55
3089,6,54,63,6,10.5,55
3109,20,54,148,20,7.4,55
3119,10,54,77,10,7.7,55
3121,2,54,55,2,27.5,55
3137,16,55,167,16,10.4375,56
3163,26,55,234,26,9.0,56
3167,4,55,59,4,14.75,56
3169,2,55,56,2,28.0,56
3181,12,55,97,12,8.083333333333334,56
3187,6,55,64,6,10.666666666666666,56
3191,4,55,59,4,14.75,56
3203,12,55,123,12,10.25,56
3209,6,55,64,6,10.666666666666666,56
3217,8,55,77,8,9.625,56
3221,4,55,59,4,14.75,56
3229,8,55,77,8,9.625,56
3251,22,56,197,22,8.954545454545455,57
3253,2,56,57,2,28.5,57
3257,4,56,60,4,15.0,57
3259,2,56,57,2,28.5,57
3271,12,56,88,12,7.333333333333333,57
3299,28,56,202,28,7.214285714285714,57
3301,2,56,57,2,28.5,57
3307,6,56,65,6,10.833333333333334,57
3313,6,56,67,6,11.166666666666666,57
3319,6,56,91,6,15.166666666666666,57
3323,4,56,60,4,15.0,57
3329,6,56,65,6,10.833333333333334,57
3331,2,56,57,2,28.5,57
3343,12,56,128,12,10.666666666666666,57
3347,4,56,60,4,15.0,57
3359,12,56,92,12,7.666666666666667,57
3361,2,56,57,2,28.5,57
3371,10,57,76,10,7.6,58
3373,2,57,58,2,29.0,58
3389,16,57,131,16,8.1875,58
3391,2,57,58,2,29.0,58
3407,16,57,175,16,10.9375,58
3413,6,57,68,6,11.333333333333334,58
3433,20,57,171,20,8.55,58
3449,16,57,109,16,6.8125,58
3457,8,57,73,8,9.125,58
3461,4,57,61,4,15.25,58
3463,2,57,58,2,29.0,58
3467,4,57,61,4,15.25,58
3469,2,57,58,2,29.0,58
3491,22,58,181,22,8.227272727272727,59
3499,8,58,82,8,10.25,59
3511,12,58,112,12,9.333333333333334,59
3517,6,58,67,6,11.166666666666666,59
3527,10,58,85,10,8.5,59
3529,2,58,59,2,29.5,59
3533,4,58,62,4,15.5,59
3539,6,58,67,6,11.166666666666666,59
3541,2,58,59,2,29.5,59
3547,6,58,67,6,11.166666666666666,59
3557,10,58,129,10,12.9,59
3559,2,58,59,2,29.5,59
3571,12,58,120,12,10.0,59
3581,10,58,77,10,7.7,59
3583,2,58,59,2,29.5,59
3593,10,58,119,10,11.9,59
3607,14,59,148,14,10.571428571428571,60
3613,6,59,86,6,14.333333333333334,60
3617,4,59,63,4,15.75,60
3623,6,59,70,6,11.666666666666666,60
3631,8,59,87,8,10.875,60
3637,6,59,68,6,11.333333333333334,60
3643,6,59,74,6,12.333333333333334,60
3659,16,59,135,16,8.4375,60
3671,12,59,97,12,8.083333333333334,60
3673,2,59,60,2,30.0,60
3677,4,59,63,4,15.75,60
3691,14,59,120,14,8.571428571428571,60
3697,6,59,68,6,11.333333333333334,60
3701,4,59,63,4,15.75,60
3709,8,59,81,8,10.125,60
3719,10,59,118,10,11.8,60
3727,8,60,130,8,16.25,61
3733,6,60,71,6,11.833333333333334,61
3739,6,60,101,6,16.833333333333332,61
3761,22,60,149,22,6.7727272727272725,61
3767,6,60,117,6,19.5,61
3769,2,60,61,2,30.5,61
3779,10,60,79,10,7.9,61
3793,14,60,115,14,8.214285714285714,61
3797,4,60,64,4,16.0,61
3803,6,60,93,6,15.5,61
3821,18,60,141,18,7.833333333333333,61
3823,2,60,61,2,30.5,61
3833,10,60,117,10,11.7,61
3847,14,61,112,14,8.0,62
3851,4,61,65,4,16.25,62
3853,2,61,62,2,31.0,62
3863,10,61,92,10,9.2,62
3877,14,61,138,14,9.857142857142858,62
3881,4,61,65,4,16.25,62
3889,8,61,89,8,11.125,62
3907,18,61,152,18,8.444444444444445,62
3911,4,61,65,4,16.25,62
3917,6,61,72,6,12.0,62
3919,2,61,62,2,31.0,62
3923,4,61,65,4,16.25,62
3929,6,61,70,6,11.666666666666666,62
3931,2,61,62,2,31.0,62
3943,12,61,111,12,9.25,62
3947,4,61,65,4,16.25,62
3967,20,61,205,20,10.25,62
3989,22,62,191,22,8.681818181818182,63
4001,12,62,94,12,7.833333333333333,63
4003,2,62,63,2,31.5,63
4007,4,62,66,4,16.5,63
4013,6,62,85,6,14.166666666666666,63
4019,6,62,71,6,11.833333333333334,63
4021,2,62,63,2,31.5,63
4027,6,62,71,6,11.833333333333334,63
4049,22,62,177,22,8.045454545454545,63
4051,2,62,63,2,31.5,63
4057,6,62,71,6,11.833333333333334,63
4073,16,62,140,16,8.75,63
4079,6,62,71,6,11.833333333333334,63
4091,12,62,142,12,11.833333333333334,63
4093,2,62,63,2,31.5,63
4099,6,63,84,6,14.0,64
4111,12,63,93,12,7.75,64
4127,16,63,121,16,7.5625,64
4129,2,63,64,2,32.0,64
4133,4,63,67,4,16.75,64
4139,6,63,72,6,12.0,64
4153,14,63,134,14,9.571428571428571,64
4157,4,63,67,4,16.75,64
4159,2,63,64,2,32.0,64
4177,18,63,160,18,8.88888888888889,64
4201,24,63,297,24,12.375,64
4211,10,63,82,10,8.2,64
4217,6,63,78,6,13.0,64
4219,2,63,64,2,32.0,64
4229,10,64,117,10,11.7,65
4231,2,64,65,2,32.5,65
4241,10,64,95,10,9.5,65
4243,2,64,65,2,32.5,65
4253,10,64,109,10,10.9,65
4259,6,64,73,6,12.166666666666666,65
4261,2,64,65,2,32.5,65
4271,10,64,93,10,9.3,65
4273,2,64,65,2,32.5,65
4283,10,64,89,10,8.9,65
4289,6,64,73,6,12.166666666666666,65
4297,8,64,80,8,10.0,65
4327,30,64,259,30,8.633333333333333,65
4337,10,64,139,10,13.9,65
4339,2,64,65,2,32.5,65
4349,10,64,119,10,11.9,65
4357,8,65,93,8,11.625,66
4363,6,65,76,6,12.666666666666666,66
4373,10,65,100,10,10.0,66
4391,18,65,168,18,9.333333333333334,66
4397,6,65,92,6,15.333333333333334,66
4409,12,65,137,12,11.416666666666666,66
4421,12,65,95,12,7.916666666666667,66
4423,2,65,66,2,33.0,66
4441,18,65,176,18,9.777777777777779,66
4447,6,65,74,6,12.333333333333334,66
4451,4,65,69,4,17.25,66
4457,6,65,130,6,21.666666666666668,66
4463,6,65,76,6,12.666666666666666,66
4481,18,65,154,18,8.555555555555555,66
4483,2,65,66,2,33.0,66
4493,10,66,147,10,14.7,67
4507,14,66,101,14,7.214285714285714,67
4513,6,66,83,6,13.833333333333334,67
4517,4,66,70,4,17.5,67
4519,2,66,67,2,33.5,67
4523,4,66,70,4,17.5,67
4547,24,66,158,24,6.583333333333333,67
4549,2,66,67,2,33.5,67
4561,12,66,154,12,12.833333333333334,67
4567,6,66,75,6,12.5,67
4583,16,66,142,16,8.875,67
4591,8,66,88,8,11.0,67
4597,6,66,75,6,12.5,67
4603,6,66,113,6,18.833333333333332,67
4621,18,66,147,18,8.166666666666666,67
4637,16,67,141,16,8.8125,68
4639,2,67,68,2,34.0,68
4643,4,67,71,4,17.75,68
4649,6,67,76,6,12.666666666666666,68
4651,2,67,68,2,34.0,68
4657,6,67,76,6,12.666666666666666,68
4663,6,67,130,6,21.666666666666668,68
4673,10,67,94,10,9.4,68
4679,6,67,76,6,12.666666666666666,68
4691,12,67,153,12,12.75,68
4703,12,67,131,12,10.916666666666666,68
4721,18,67,164,18,9.11111111111111,68
4723,2,67,68,2,34.0,68
4729,6,67,100,6,16.666666666666668,68
4733,4,67,71,4,17.75,68
4751,18,67,152,18,8.444444444444445,68
4759,8,67,145,8,18.125,68
4783,24,68,158,24,6.583333333333333,69
4787,4,68,72,4,18.0,69
4789,2,68,69,2,34.5,69
4793,4,68,72,4,18.0,69
4799,6,68,77,6,12.833333333333334,69
4801,2,68,69,2,34.5,69
4813,12,68,108,12,9.0,69
4817,4,68,72,4,18.0,69
4831,14,68,159,14,11.357142857142858,69
4861,30,68,293,30,9.766666666666667,69
4871,10,68,111,10,11.1,69
4877,6,68,83,6,13.833333333333334,69
4889,12,68,106,12,8.833333333333334,69
4903,14,69,220,14,15.714285714285714,70
4909,6,69,80,6,13.333333333333334,70
4919,10,69,98,10,9.8,70
4931,12,69,101,12,8.416666666666666,70
4933,2,69,70,2,35.0,70
4937,4,69,73,4,18.25,70
4943,6,69,84,6,14.0,70
4951,8,69,85,8,10.625,70
4957,6,69,78,6,13.0,70
4967,10,69,94,10,9.4,70
4969,2,69,70,2,35.0,70
4973,4,69,73,4,18.25,70
4987,14,69,116,14,8.285714285714286,70
4993,6,69,80,6,13.333333333333334,70
4999,6,69,92,6,15.333333333333334,70
5003,4,69,73,4,18.25,70
5009,6,69,78,6,13.0,70
5011,2,69,70,2,35.0,70
5021,10,69,110,10,11.0,70
5023,2,69,70,2,35.0,70
5039,16,69,149,16,9.3125,70
5051,12,70,160,12,13.333333333333334,71
5059,8,70,118,8,14.75,71
5077,18,70,199,18,11.055555555555555,71
5081,4,70,74,4,18.5,71
5087,6,70,87,6,14.5,71
5099,12,70,100,12,8.333333333333334,71
5101,2,70,71,2,35.5,71
5107,6,70,79,6,13.166666666666666,71
5113,6,70,93,6,15.5,71
5119,6,70,81,6,13.5,71
5147,28,70,274,28,9.785714285714286,71
5153,6,70,93,6,15.5,71
5167,14,70,107,14,7.642857142857143,71
5171,4,70,74,4,18.5,71
5179,8,70,112,8,14.0,71
5189,10,71,154,10,15.4,72
5197,8,71,109,8,13.625,72
5209,12,71,137,12,11.416666666666666,72
5227,18,71,144,18,8.0,72
5231,4,71,75,4,18.75,72
5233,2,71,72,2,36.0,72
5237,4,71,75,4,18.75,72
5261,24,71,209,24,8.708333333333334,72
5273,12,71,131,12,10.916666666666666,72
5279,6,71,80,6,13.333333333333334,72
5281,2,71,72,2,36.0,72
5297,16,71,181,16,11.3125,72
5303,6,71,82,6,13.666666666666666,72
5309,6,71,80,6,13.333333333333334,72
5323,14,71,160,14,11.428571428571429,72
5333,10,72,159,10,15.9,73
5347,14,72,115,14,8.214285714285714,73
5351,4,72,76,4,19.0,73
5381,30,72,283,30,9.433333333333334,73
5387,6,72,83,6,13.833333333333334,73
5393,6,72,93,6,15.5,73
5399,6,72,81,6,13.5,73
5407,8,72,92,8,11.5,73
5413,6,72,83,6,13.833333333333334,73
5417,4,72,76,4,19.0,73
5419,2,72,73,2,36.5,73
5431,12,72,156,12,13.0,73
5437,6,72,81,6,13.5,73
5441,4,72,76,4,19.0,73
5443,2,72,73,2,36.5,73
5449,6,72,89,6,14.833333333333334,73
5471,22,72,205,22,9.318181818181818,73
5477,6,73,90,6,15.0,74
5479,2,73,74,2,37.0,74
5483,4,73,77,4,19.25,74
5501,18,73,144,18,8.0,74
5503,2,73,74,2,37.0,74
5507,4,73,77,4,19.25,74
5519,12,73,129,12,10.75,74
5521,2,73,74,2,37.0,74
5527,6,73,82,6,13.666666666666666,74
5531,4,73,77,4,19.25,74
5557,26,73,204,26,7.846153846153846,74
5563,6,73,144,6,24.0,74
5569,6,73,96,6,16.0,74
5573,4,73,77,4,19.25,74
5581,8,73,89,8,11.125,74
5591,10,73,122,10,12.2,74
5623,32,73,309,32,9.65625,74
5639,16,74,162,16,10.125,75
5641,2,74,75,2,37.5,75
5647,6,74,83,6,13.833333333333334,75
5651,4,74,78,4,19.5,75
5653,2,74,75,2,37.5,75
5657,4,74,78,4,19.5,75
5659,2,74,75,2,37.5,75
5669,10,74,93,10,9.3,75
5683,14,74,159,14,11.357142857142858,75
5689,6,74,89,6,14.833333333333334,75
5693,4,74,78,4,19.5,75
5701,8,74,124,8,15.5,75
5711,10,74,99,10,9.9,75
5717,6,74,107,6,17.833333333333332,75
5737,20,74,188,20,9.4,75
5741,4,74,78,4,19.5,75
5743,2,74,75,2,37.5,75
5749,6,74,85,6,14.166666666666666,75
5779,30,75,310,30,10.333333333333334,76
5783,4,75,79,4,19.75,76
5791,8,75,91,8,11.375,76
5801,10,75,98,10,9.8,76
5807,6,75,86,6,14.333333333333334,76
5813,6,75,116,6,19.333333333333332,76
5821,8,75,95,8,11.875,76
5827,6,75,84,6,14.0,76
5839,12,75,121,12,10.083333333333334,76
5843,4,75,79,4,19.75,76
5849,6,75,84,6,14.0,76
5851,2,75,76,2,38.0,76
5857,6,75,84,6,14.0,76
5861,4,75,79,4,19.75,76
5867,6,75,90,6,15.0,76
5869,2,75,76,2,38.0,76
5879,10,75,94,10,9.4,76
5881,2,75,76,2,38.0,76
5897,16,75,211,16,13.1875,76
5903,6,75,96,6,16.0,76
5923,20,75,229,20,11.45,76
5927,4,75,79,4,19.75,76
5939,12,76,112,12,9.333333333333334,77
5953,14,76,131,14,9.357142857142858,77
5981,28,76,332,28,11.857142857142858,77
5987,6,76,111,6,18.5,77
6007,20,76,186,20,9.3,77
6011,4,76,80,4,20.0,77
6029,18,76,141,18,7.833333333333333,77
6037,8,76,122,8,15.25,77
6043,6,76,87,6,14.5,77
6047,4,76,80,4,20.0,77
6053,6,76,103,6,17.166666666666668,77
6067,14,76,177,14,12.642857142857142,77
6073,6,76,93,6,15.5,77
6079,6,76,139,6,23.166666666666668,77
6089,10,77,96,10,9.6,78
6091,2,77,78,2,39.0,78
6101,10,77,96,10,9.6,78
6113,12,77,173,12,14.416666666666666,78
6121,8,77,115,8,14.375,78
6131,10,77,100,10,10.0,78
6133,2,77,78,2,39.0,78
6143,10,77,108,10,10.8,78
6151,8,77,97,8,12.125,78
6163,12,77,197,12,16.416666666666668,78
6173,10,77,122,10,12.2,78
6197,24,77,219,24,9.125,78
6199,2,77,78,2,39.0,78
6203,4,77,81,4,20.25,78
6211,8,77,93,8,11.625,78
6217,6,77,86,6,14.333333333333334,78
6221,4,77,81,4,20.25,78
6229,8,77,101,8,12.625,78
6247,18,78,217,18,12.055555555555555,79
6257,10,78,105,10,10.5,79
6263,6,78,93,6,15.5,79
6269,6,78,87,6,14.5,79
6271,2,78,79,2,39.5,79
6277,6,78,87,6,14.5,79
6287,10,78,157,10,15.7,79
6299,12,78,116,12,9.666666666666666,79
6301,2,78,79,2,39.5,79
6311,10,78,97,10,9.7,79
6317,6,78,141,6,23.5,79
6323,6,78,153,6,25.5,79
6329,6,78,87,6,14.5,79
6337,8,78,100,8,12.5,79
6343,6,78,99,6,16.5,79
6353,10,78,103,10,10.3,79
6359,6,78,87,6,14.5,79
6361,2,78,79,2,39.5,79
6367,6,78,87,6,14.5,79
6373,6,78,105,6,17.5,79
6379,6,78,89,6,14.833333333333334,79
6389,10,78,103,10,10.3,79
6397,8,78,94,8,11.75,79
6421,24,79,227,24,9.458333333333334,80
6427,6,79,88,6,14.666666666666666,80
6449,22,79,268,22,12.181818181818182,80
6451,2,79,80,2,40.0,80
6469,18,79,164,18,9.11111111111111,80
6473,4,79,83,4,20.75,80
6481,8,79,99,8,12.375,80
6491,10,79,104,10,10.4,80
6521,30,79,342,30,11.4,80
6529,8,79,155,8,19.375,80
6547,18,79,190,18,10.555555555555555,80
6551,4,79,83,4,20.75,80
6553,2,79,80,2,40.0,80
6563,10,80,173,10,17.3,81
6569,6,80,89,6,14.833333333333334,81
6571,2,80,81,2,40.5,81
6577,6,80,89,6,14.833333333333334,81
6581,4,80,84,4,21.0,81
6599,18,80,161,18,8.944444444444445,81
6607,8,80,96,8,12.0,81
6619,12,80,128,12,10.666666666666666,81
6637,18,80,163,18,9.055555555555555,81
6653,16,80,204,16,12.75,81
6659,6,80,89,6,14.833333333333334,81
6661,2,80,81,2,40.5,81
6673,12,80,158,12,13.166666666666666,81
6679,6,80,95,6,15.833333333333334,81
6689,10,80,133,10,13.3,81
6691,2,80,81,2,40.5,81
6701,10,80,129,10,12.9,81
6703,2,80,81,2,40.5,81
6709,6,80,103,6,17.166666666666668,81
6719,10,80,99,10,9.9,81
6733,14,81,164,14,11.714285714285714,82
6737,4,81,85,4,21.25,82
6761,24,81,227,24,9.458333333333334,82
6763,2,81,82,2,41.0,82
6779,16,81,183,16,11.4375,82
6781,2,81,82,2,41.0,82
6791,10,81,104,10,10.4,82
6793,2,81,82,2,41.0,82
6803,10,81,108,10,10.8,82
6823,20,81,155,20,7.75,82
6827,4,81,85,4,21.25,82
6829,2,81,82,2,41.0,82
6833,4,81,85,4,21.25,82
6841,8,81,97,8,12.125,82
6857,16,81,157,16,9.8125,82
6863,6,81,104,6,17.333333333333332,82
6869,6,81,90,6,15.0,82
6871,2,81,82,2,41.0,82
6883,12,81,113,12,9.416666666666666,82
6899,16,82,312,16,19.5,83
6907,8,82,158,8,19.75,83
6911,4,82,86,4,21.5,83
6917,6,82,117,6,19.5,83
6947,30,82,239,30,7.966666666666667,83
6949,2,82,83,2,41.5,83
6959,10,82,111,10,11.1,83
6961,2,82,83,2,41.5,83
6967,6,82,91,6,15.166666666666666,83
6971,4,82,86,4,21.5,83
6977,6,82,105,6,17.5,83
6983,6,82,93,6,15.5,83
6991,8,82,120,8,15.0,83
6997,6,82,91,6,15.166666666666666,83
7001,4,82,86,4,21.5,83
7013,12,82,186,12,15.5,83
7019,6,82,91,6,15.166666666666666,83
7027,8,82,98,8,12.25,83
7039,12,82,212,12,17.666666666666668,83
7043,4,82,86,4,21.5,83
7057,14,83,118,14,8.428571428571429,84
7069,12,83,157,12,13.083333333333334,84
7079,10,83,106,10,10.6,84
7103,24,83,319,24,13.291666666666666,84
7109,6,83,92,6,15.333333333333334,84
7121,12,83,119,12,9.916666666666666,84
7127,6,83,104,6,17.333333333333332,84
7129,2,83,84,2,42.0,84
7151,22,83,168,22,7.636363636363637,84
7159,8,83,127,8,15.875,84
7177,18,83,254,18,14.11111111111111,84
7187,10,83,144,10,14.4,84
7193,6,83,94,6,15.666666666666666,84
7207,14,83,142,14,10.142857142857142,84
7211,4,83,87,4,21.75,84
7213,2,83,84,2,42.0,84
7219,6,83,94,6,15.666666666666666,84
7229,10,84,127,10,12.7,85
7237,8,84,100,8,12.5,85
7243,6,84,101,6,16.833333333333332,85
7247,4,84,88,4,22.0,85
7253,6,84,99,6,16.5,85
7283,30,84,249,30,8.3,85
7297,14,84,161,14,11.5,85
7307,10,84,165,10,16.5,85
7309,2,84,85,2,42.5,85
7321,12,84,180,12,15.0,85
7331,10,84,113,10,11.3,85
7333,2,84,85,2,42.5,85
7349,16,84,158,16,9.875,85
7351,2,84,85,2,42.5,85
7369,18,84,213,18,11.833333333333334,85
7393,24,84,340,24,14.166666666666666,85
7411,18,85,162,18,9.0,86
7417,6,85,94,6,15.666666666666666,86
7433,16,85,173,16,10.8125,86
7451,18,85,166,18,9.222222222222221,86
7457,6,85,118,6,19.666666666666668,86
7459,2,85,86,2,43.0,86
7477,18,85,160,18,8.88888888888889,86
7481,4,85,89,4,22.25,86
7487,6,85,96,6,16.0,86
7489,2,85,86,2,43.0,86
7499,10,85,156,10,15.6,86
7507,8,85,107,8,13.375,86
7517,10,85,110,10,11.0,86
7523,6,85,162,6,27.0,86
7529,6,85,94,6,15.666666666666666,86
7537,8,85,111,8,13.875,86
7541,4,85,89,4,22.25,86
7547,6,85,108,6,18.0,86
7549,2,85,86,2,43.0,86
7559,10,85,104,10,10.4,86
7561,2,85,86,2,43.0,86
7573,12,86,172,12,14.333333333333334,87
7577,4,86,90,4,22.5,87
7583,6,86,101,6,16.833333333333332,87
7589,6,86,95,6,15.833333333333334,87
7591,2,86,87,2,43.5,87
7603,12,86,180,12,15.0,87
7607,4,86,90,4,22.5,87
7621,14,86,147,14,10.5,87
7639,18,86,167,18,9.277777777777779,87
7643,4,86,90,4,22.5,87
7649,6,86,95,6,15.833333333333334,87
7669,20,86,258,20,12.9,87
7673,4,86,90,4,22.5,87
7681,8,86,102,8,12.75,87
7687,6,86,95,6,15.833333333333334,87
7691,4,86,90,4,22.5,87
7699,8,86,140,8,17.5,87
7703,4,86,90,4,22.5,87
7717,14,86,127,14,9.071428571428571,87
7723,6,86,97,6,16.166666666666668,87
7727,4,86,90,4,22.5,87
7741,14,86,239,14,17.071428571428573,87
7753,12,87,183,12,15.25,88
7757,4,87,91,4,22.75,88
7759,2,87,88,2,44.0,88
7789,30,87,250,30,8.333333333333334,88
7793,4,87,91,4,22.75,88
7817,24,87,273,24,11.375,88
7823,6,87,98,6,16.333333333333332,88
7829,6,87,96,6,16.0,88
7841,12,87,157,12,13.083333333333334,88
7853,12,87,159,12,13.25,88
7867,14,87,140,14,10.0,88
7873,6,87,108,6,18.0,88
7877,4,87,91,4,22.75,88
7879,2,87,88,2,44.0,88
7883,4,87,91,4,22.75,88
7901,18,87,180,18,10.0,88
7907,6,87,98,6,16.333333333333332,88
7919,12,87,151,12,12.583333333333334,88
7927,8,88,186,8,23.25,89
7933,6,88,99,6,16.5,89
7937,4,88,92,4,23.0,89
7949,12,88,130,12,10.833333333333334,89
7951,2,88,89,2,44.5,89
7963,12,88,192,12,16.0,89
7993,30,88,335,30,11.166666666666666,89
8009,16,88,186,16,11.625,89
8011,2,88,89,2,44.5,89
8017,6,88,97,6,16.166666666666668,89
8039,22,88,249,22,11.318181818181818,89
8053,14,88,207,14,14.785714285714286,89
8059,6,88,99,6,16.5,89
8069,10,88,111,10,11.1,89
8081,12,88,148,12,12.333333333333334,89
8087,6,88,151,6,25.166666666666668,89
8089,2,88,89,2,44.5,89
8093,4,88,92,4,23.0,89
8101,8,89,105,8,13.125,90
8111,10,89,112,10,11.2,90
8117,6,89,100,6,16.666666666666668,90
8123,6,89,116,6,19.333333333333332,90
8147,24,89,273,24,11.375,90
8161,14,89,202,14,14.428571428571429,90
8167,6,89,98,6,16.333333333333332,90
8171,4,89,93,4,23.25,90
8179,8,89,117,8,14.625,90
8191,12,89,127,12,10.583333333333334,90
8209,18,89,212,18,11.777777777777779,90
8219,10,89,144,10,14.4,90
8221,2,89,90,2,45.0,90
8231,10,89,120,10,12.0,90
8233,2,89,90,2,45.0,90
8237,4,89,93,4,23.25,90
8243,6,89,100,6,16.666666666666668,90
8263,20,89,253,20,12.65,90
8269,6,89,100,6,16.666666666666668,90
8273,4,89,93,4,23.25,90
8287,14,90,131,14,9.357142857142858,91
8291,4,90,94,4,23.5,91
8293,2,90,91,2,45.5,91
8297,4,90,94,4,23.5,91
8311,14,90,171,14,12.214285714285714,91
8317,6,90,99,6,16.5,91
8329,12,90,168,12,14.0,91
8353,24,90,200,24,8.333333333333334,91
8363,10,90,171,10,17.1,91
8369,6,90,99,6,16.5,91
8377,8,90,110,8,13.75,91
8387,10,90,197,10,19.7,91
8389,2,90,91,2,45.5,91
8419,30,90,277,30,9.233333333333333,91
8423,4,90,94,4,23.5,91
8429,6,90,99,6,16.5,91
8431,2,90,91,2,45.5,91
8443,12,90,136,12,11.333333333333334,91
8447,4,90,94,4,23.5,91
8461,14,90,199,14,14.214285714285714,91
8467,6,91,100,6,16.666666666666668,92
8501,34,91,334,34,9.823529411764707,92
8513,12,91,223,12,18.583333333333332,92
8521,8,91,107,8,13.375,92
8527,6,91,100,6,16.666666666666668,92
8537,10,91,124,10,12.4,92
8539,2,91,92,2,46.0,92
8543,4,91,95,4,23.75,92
8563,20,91,261,20,13.05,92
8573,10,91,122,10,12.2,92
8581,8,91,123,8,15.375,92
8597,16,91,161,16,10.0625,92
8599,2,91,92,2,46.0,92
8609,10,91,110,10,11.0,92
8623,14,91,226,14,16.142857142857142,92
8627,4,91,95,4,23.75,92
8629,2,91,92,2,46.0,92
8641,12,91,245,12,20.416666666666668,92
8647,6,91,100,6,16.666666666666668,92
8663,16,92,178,16,11.125,93
8669,6,92,101,6,16.833333333333332,93
8677,8,92,114,8,14.25,93
8681,4,92,96,4,24.0,93
8689,8,92,122,8,15.25,93
8693,4,92,96,4,24.0,93
8699,6,92,101,6,16.833333333333332,93
8707,8,92,108,8,13.5,93
8713,6,92,127,6,21.166666666666668,93
8719,6,92,119,6,19.833333333333332,93
8731,12,92,122,12,10.166666666666666,93
8737,6,92,101,6,16.833333333333332,93
8741,4,92,96,4,24.0,93
8747,6,92,103,6,17.166666666666668,93
8753,6,92,109,6,18.166666666666668,93
8761,8,92,120,8,15.0,93
8779,18,92,223,18,12.38888888888889,93
8783,4,92,96,4,24.0,93
8803,20,92,214,20,10.7,93
8807,4,92,96,4,24.0,93
8819,12,92,134,12,11.166666666666666,93
8821,2,92,93,2,46.5,93
8831,10,92,111,10,11.1,93
8837,6,93,108,6,18.0,94
8839,2,93,94,2,47.0,94
8849,10,93,142,10,14.2,94
8861,12,93,175,12,14.583333333333334,94
8863,2,93,94,2,47.0,94
8867,4,93,97,4,24.25,94
8887,20,93,235,20,11.75,94
8893,6,93,114,6,19.0,94
8923,30,93,280,30,9.333333333333334,94
8929,6,93,176,6,29.333333333333332,94
8933,4,93,97,4,24.25,94
8941,8,93,109,8,13.625,94
8951,10,93,128,10,12.8,94
8963,12,93,137,12,11.416666666666666,94
8969,6,93,102,6,17.0,94
8971,2,93,94,2,47.0,94
8999,28,93,303,28,10.821428571428571,94
9001,2,93,94,2,47.0,94
9007,6,93,102,6,17.0,94
9011,4,93,97,4,24.25,94
9013,2,93,94,2,47.0,94
9029,16,94,216,16,13.5,95
9041,12,94,124,12,10.333333333333334,95
9043,2,94,95,2,47.5,95
9049,6,94,181,6,30.166666666666668,95
9059,10,94,117,10,11.7,95
9067,8,94,116,8,14.5,95
9091,24,94,330,24,13.75,95
9103,12,94,136,12,11.333333333333334,95
9109,6,94,105,6,17.5,95
9127,18,94,145,18,8.055555555555555,95
9133,6,94,121,6,20.166666666666668,95
9137,4,94,98,4,24.5,95
9151,14,94,167,14,11.928571428571429,95
9157,6,94,103,6,17.166666666666668,95
9161,4,94,98,4,24.5,95
9173,12,94,250,12,20.833333333333332,95
9181,8,94,170,8,21.25,95
9187,6,94,103,6,17.166666666666668,95
9199,12,94,154,12,12.833333333333334,95
9203,4,94,98,4,24.5,95
9209,6,94,103,6,17.166666666666668,95
9221,12,95,181,12,15.083333333333334,96
9227,6,95,122,6,20.333333333333332,96
9239,12,95,125,12,10.416666666666666,96
9241,2,95,96,2,48.0,96
9257,16,95,147,16,9.1875,96
9277,20,95,307,20,15.35,96
9281,4,95,99,4,24.75,96
9283,2,95,96,2,48.0,96
9293,10,95,146,10,14.6,96
9311,18,95,244,18,13.555555555555555,96
9319,8,95,173,8,21.625,96
9323,4,95,99,4,24.75,96
9337,14,95,138,14,9.857142857142858,96
9341,4,95,99,4,24.75,96
9343,2,95,96,2,48.0,96
9349,6,95,112,6,18.666666666666668,96
9371,22,95,200,22,9.090909090909092,96
9377,6,95,106,6,17.666666666666668,96
9391,14,95,242,14,17.285714285714285,96
9397,6,95,104,6,17.333333333333332,96
9403,6,95,106,6,17.666666666666668,96
9413,10,96,223,10,22.3,97
9419,6,96,105,6,17.5,97
9421,2,96,97,2,48.5,97
9431,10,96,119,10,11.9,97
9433,2,96,97,2,48.5,97
9437,4,96,100,4,25.0,97
9439,2,96,97,2,48.5,97
9461,22,96,157,22,7.136363636363637,97
9463,2,96,97,2,48.5,97
9467,4,96,100,4,25.0,97
9473,6,96,117,6,19.5,97
9479,6,96,105,6,17.5,97
9491,12,96,180,12,15.0,97
9497,6,96,111,6,18.5,97
9511,14,96,165,14,11.785714285714286,97
9521,10,96,139,10,13.9,97
9533,12,96,212,12,17.666666666666668,97
9539,6,96,105,6,17.5,97
9547,8,96,112,8,14.0,97
9551,4,96,100,4,25.0,97
9587,36,96,372,36,10.333333333333334,97
9601,14,96,233,14,16.642857142857142,97
9613,12,97,129,12,10.75,98
9619,6,97,160,6,26.666666666666668,98
9623,4,97,101,4,25.25,98
9629,6,97,106,6,17.666666666666668,98
9631,2,97,98,2,49.0,98
9643,12,97,163,12,13.583333333333334,98
9649,6,97,112,6,18.666666666666668,98
9661,12,97,129,12,10.75,98
9677,16,97,155,16,9.6875,98
9679,2,97,98,2,49.0,98
9689,10,97,132,10,13.2,98
9697,8,97,117,8,14.625,98
9719,22,97,270,22,12.272727272727273,98
9721,2,97,98,2,49.0,98
9733,12,97,217,12,18.083333333333332,98
9739,6,97,108,6,18.0,98
9743,4,97,101,4,25.25,98
9749,6,97,106,6,17.666666666666668,98
9767,18,97,186,18,10.333333333333334,98
9769,2,97,98,2,49.0,98
9781,12,97,145,12,12.083333333333334,98
9787,6,97,106,6,17.666666666666668,98
9791,4,97,101,4,25.25,98
9803,12,98,250,12,20.833333333333332,99
9811,8,98,124,8,15.5,99
9817,6,98,107,6,17.833333333333332,99
9829,12,98,154,12,12.833333333333334,99
9833,4,98,102,4,25.5,99
9839,6,98,107,6,17.833333333333332,99
9851,12,98,166,12,13.833333333333334,99
9857,6,98,161,6,26.833333333333332,99
9859,2,98,99,2,49.5,99
9871,12,98,188,12,15.666666666666666,99
9883,12,98,158,12,13.166666666666666,99
9887,4,98,102,4,25.5,99
9901,14,98,153,14,10.928571428571429,99
9907,6,98,107,6,17.833333333333332,99
9923,16,98,196,16,12.25,99
9929,6,98,107,6,17.833333333333332,99
9931,2,98,99,2,49.5,99
9941,10,98,129,10,12.9,99
9949,8,98,170,8,21.25,99
9967,18,98,185,18,10.277777777777779,99
9973,6,98,115,6,19.166666666666668,99
10007,34,99,420,34,12.352941176470589,100
10009,2,99,100,2,50.0,100
10037,28,99,319,28,11.392857142857142,100
10039,2,99,100,2,50.0,100
10061,22,99,254,22,11.545454545454545,100
10067,6,99,132,6,22.0,100
10069,2,99,100,2,50.0,100
10079,10,99,118,10,11.8,100
10091,12,99,135,12,11.25,100
10093,2,99,100,2,50.0,100
10099,6,99,126,6,21.0,100
10103,4,99,103,4,25.75,100
10111,8,99,119,8,14.875,100
10133,22,99,286,22,13.0,100
10139,6,99,108,6,18.0,100
10141,2,99,100,2,50.0,100
10151,10,99,184,10,18.4,100
10159,8,99,121,8,15.125,100
10163,4,99,103,4,25.75,100
10169,6,99,108,6,18.0,100
10177,8,99,115,8,14.375,100
10181,4,99,103,4,25.75,100
10193,12,99,207,12,17.25,100
10211,18,100,287,18,15.944444444444445,101
10223,12,100,142,12,11.833333333333334,101
10243,20,100,222,20,11.1,101
10247,4,100,104,4,26.0,101
10253,6,100,141,6,23.5,101
10259,6,100,109,6,18.166666666666668,101
10267,8,100,140,8,17.5,101
10271,4,100,104,4,26.0,101
10273,2,100,101,2,50.5,101
10289,16,100,184,16,11.5,101
10301,12,100,160,12,13.333333333333334,101
10303,2,100,101,2,50.5,101
10313,10,100,131,10,13.1,101
10321,8,100,126,8,15.75,101
10331,10,100,135,10,13.5,101
10333,2,100,101,2,50.5,101
10337,4,100,104,4,26.0,101
10343,6,100,111,6,18.5,101
10357,14,100,207,14,14.785714285714286,101
10369,12,100,170,12,14.166666666666666,101
10391,22,100,251,22,11.409090909090908,101
10399,8,100,160,8,20.0,101
10427,28,101,299,28,10.678571428571429,102
10429,2,101,102,2,51.0,102
10433,4,101,105,4,26.25,102
10453,20,101,223,20,11.15,102
10457,4,101,105,4,26.25,102
10459,2,101,102,2,51.0,102
10463,4,101,105,4,26.25,102
10477,14,101,174,14,12.428571428571429,102
10487,10,101,166,10,16.6,102
10499,12,101,137,12,11.416666666666666,102
10501,2,101,102,2,51.0,102
10513,12,101,143,12,11.916666666666666,102
10529,16,101,213,16,13.3125,102
10531,2,101,102,2,51.0,102
10559,28,101,385,28,13.75,102
10567,8,101,169,8,21.125,102
10589,22,101,324,22,14.727272727272727,102
10597,8,101,117,8,14.625,102
10601,4,101,105,4,26.25,102
10607,6,101,128,6,21.333333333333332,102
10613,6,102,209,6,34.833333333333336,103
10627,14,102,139,14,9.928571428571429,103
10631,4,102,106,4,26.5,103
10639,8,102,124,8,15.5,103
10651,12,102,166,12,13.833333333333334,103
10657,6,102,111,6,18.5,103
10663,6,102,113,6,18.833333333333332,103
10667,4,102,106,4,26.5,103
10687,20,102,252,20,12.6,103
10691,4,102,106,4,26.5,103
10709,18,102,173,18,9.61111111111111,103
10711,2,102,103,2,51.5,103
10723,12,102,192,12,16.0,103
10729,6,102,123,6,20.5,103
10733,4,102,106,4,26.5,103
10739,6,102,111,6,18.5,103
10753,14,102,161,14,11.5,103
10771,18,102,213,18,11.833333333333334,103
10781,10,102,127,10,12.7,103
10789,8,102,154,8,19.25,103
10799,10,102,157,10,15.7,103
10831,32,103,413,32,12.90625,104
10837,6,103,112,6,18.666666666666668,104
10847,10,103,154,10,15.4,104
10853,6,103,126,6,21.0,104
10859,6,103,112,6,18.666666666666668,104
10861,2,103,104,2,52.0,104
10867,6,103,112,6,18.666666666666668,104
10883,16,103,287,16,17.9375,104
10889,6,103,112,6,18.666666666666668,104
10891,2,103,104,2,52.0,104
10903,12,103,143,12,11.916666666666666,104
10909,6,103,120,6,20.0,104
10937,28,103,301,28,10.75,104
10939,2,103,104,2,52.0,104
10949,10,103,146,10,14.6,104
10957,8,103,159,8,19.875,104
10973,16,103,247,16,15.4375,104
10979,6,103,112,6,18.666666666666668,104
10987,8,103,191,8,23.875,104
10993,6,103,136,6,22.666666666666668,104
11003,10,103,134,10,13.4,104
11027,24,104,434,24,18.083333333333332,105
11047,20,104,244,20,12.2,105
11057,10,104,161,10,16.1,105
11059,2,104,105,2,52.5,105
11069,10,104,129,10,12.9,105
11071,2,104,105,2,52.5,105
11083,12,104,134,12,11.166666666666666,105
11087,4,104,108,4,27.0,105
11093,6,104,121,6,20.166666666666668,105
11113,20,104,222,20,11.1,105
11117,4,104,108,4,27.0,105
11119,2,104,105,2,52.5,105
11131,12,104,154,12,12.833333333333334,105
11149,18,104,221,18,12.277777777777779,105
11159,10,104,135,10,13.5,105
11161,2,104,105,2,52.5,105
11171,10,104,129,10,12.9,105
11173,2,104,105,2,52.5,105
11177,4,104,108,4,27.0,105
11197,20,104,270,20,13.5,105
11213,16,104,172,16,10.75,105
11239,26,105,326,26,12.538461538461538,106
11243,4,105,109,4,27.25,106
11251,8,105,121,8,15.125,106
11257,6,105,114,6,19.0,106
11261,4,105,109,4,27.25,106
11273,12,105,197,12,16.416666666666668,106
11279,6,105,114,6,19.0,106
11287,8,105,143,8,17.875,106
11299,12,105,153,12,12.75,106
11311,12,105,249,12,20.75,106
11317,6,105,114,6,19.0,106
11321,4,105,109,4,27.25,106
11329,8,105,169,8,21.125,106
11351,22,105,170,22,7.7272727272727275,106
11353,2,105,106,2,53.0,106
11369,16,105,209,16,13.0625,106
11383,14,105,250,14,17.857142857142858,106
11393,10,105,178,10,17.8,106
11399,6,105,114,6,19.0,106
11411,12,105,141,12,11.75,106
11423,12,105,239,12,19.916666666666668,106
11437,14,105,140,14,10.0,106
11443,6,105,126,6,21.0,106
11447,4,105,109,4,27.25,106
11467,20,106,326,20,16.3,107
11471,4,106,110,4,27.5,107
11483,12,106,156,12,13.0,107
11489,6,106,115,6,19.166666666666668,107
11491,2,106,107,2,53.5,107
11497,6,106,115,6,19.166666666666668,107
11503,6,106,117,6,19.5,107
11519,16,106,204,16,12.75,107
11527,8,106,156,8,19.5,107
11549,22,106,257,22,11.681818181818182,107
11551,2,106,107,2,53.5,107
11579,28,106,318,28,11.357142857142858,107
11587,8,106,152,8,19.0,107
11593,6,106,177,6,29.5,107
11597,4,106,110,4,27.5,107
11617,20,106,204,20,10.2,107
11621,4,106,110,4,27.5,107
11633,12,106,208,12,17.333333333333332,107
11657,24,106,362,24,15.083333333333334,107
11677,20,107,341,20,17.05,108
11681,4,107,111,4,27.75,108
11689,8,107,131,8,16.375,108
11699,10,107,130,10,13.0,108
11701,2,107,108,2,54.0,108
11717,16,107,165,16,10.3125,108
11719,2,107,108,2,54.0,108
11731,12,107,175,12,14.583333333333334,108
11743,12,107,189,12,15.75,108
11777,34,107,368,34,10.823529411764707,108
11779,2,107,108,2,54.0,108
11783,4,107,111,4,27.75,108
11789,6,107,116,6,19.333333333333332,108
11801,12,107,179,12,14.916666666666666,108
11807,6,107,122,6,20.333333333333332,108
11813,6,107,118,6,19.666666666666668,108
11821,8,107,169,8,21.125,108
11827,6,107,116,6,19.333333333333332,108
11831,4,107,111,4,27.75,108
11833,2,107,108,2,54.0,108
11839,6,107,118,6,19.666666666666668,108
11863,24,107,267,24,11.125,108
11867,4,107,111,4,27.75,108
11887,20,108,286,20,14.3,109
11897,10,108,133,10,13.3,109
11903,6,108,185,6,30.833333333333332,109
11909,6,108,117,6,19.5,109
11923,14,108,187,14,13.357142857142858,109
11927,4,108,112,4,28.0,109
11933,6,108,191,6,31.833333333333332,109
11939,6,108,117,6,19.5,109
11941,2,108,109,2,54.5,109
11953,12,108,150,12,12.5,109
11959,6,108,123,6,20.5,109
11969,10,108,127,10,12.7,109
11971,2,108,109,2,54.5,109
11981,10,108,127,10,12.7,109
11987,6,108,135,6,22.5,109
12007,20,108,238,20,11.9,109
12011,4,108,112,4,28.0,109
12037,26,108,327,26,12.576923076923077,109
12041,4,108,112,4,28.0,109
12043,2,108,109,2,54.5,109
12049,6,108,119,6,19.833333333333332,109
12071,22,108,197,22,8.954545454545455,109
12073,2,108,109,2,54.5,109
12097,24,108,348,24,14.5,109
12101,4,109,113,4,28.25,110
12107,6,109,120,6,20.0,110
12109,2,109,110,2,55.0,110
12113,4,109,113,4,28.25,110
12119,6,109,118,6,19.666666666666668,110
12143,24,109,343,24,14.291666666666666,110
12149,6,109,118,6,19.666666666666668,110
12157,8,109,147,8,18.375,110
12161,4,109,113,4,28.25,110
12163,2,109,110,2,55.0,110
12197,34,109,412,34,12.117647058823529,110
12203,6,109,124,6,20.666666666666668,110
12211,8,109,147,8,18.375,110
12227,16,109,171,16,10.6875,110
12239,12,109,141,12,11.75,110
12241,2,109,110,2,55.0,110
12251,10,109,158,10,15.8,110
12253,2,109,110,2,55.0,110
12263,10,109,136,10,13.6,110
12269,6,109,118,6,19.666666666666668,110
12277,8,109,125,8,15.625,110
12281,4,109,113,4,28.25,110
12289,8,109,195,8,24.375,110
12301,12,109,147,12,12.25,110
12323,22,110,385,22,17.5,111
12329,6,110,119,6,19.833333333333332,111
12343,14,110,153,14,10.928571428571429,111
12347,4,110,114,4,28.5,111
12373,26,110,433,26,16.653846153846153,111
12377,4,110,114,4,28.5,111
12379,2,110,111,2,55.5,111
12391,12,110,142,12,11.833333333333334,111
12401,10,110,129,10,12.9,111
12409,8,110,212,8,26.5,111
12413,4,110,114,4,28.5,111
12421,8,110,130,8,16.25,111
12433,12,110,170,12,14.166666666666666,111
12437,4,110,114,4,28.5,111
12451,14,110,211,14,15.071428571428571,111
12457,6,110,119,6,19.833333333333332,111
12473,16,110,192,16,12.0,111
12479,6,110,119,6,19.833333333333332,111
12487,8,110,126,8,15.75,111
12491,4,110,114,4,28.5,111
12497,6,110,127,6,21.166666666666668,111
12503,6,110,143,6,23.833333333333332,111
12511,8,110,126,8,15.75,111
12517,6,110,119,6,19.833333333333332,111
12527,10,110,143,10,14.3,111
12539,12,110,216,12,18.0,111
12541,2,110,111,2,55.5,111
12547,6,111,120,6,20.0,112
12553,6,111,122,6,20.333333333333332,112
12569,16,111,191,16,11.9375,112
12577,8,111,133,8,16.625,112
12583,6,111,138,6,23.0,112
12589,6,111,156,6,26.0,112
12601,12,111,173,12,14.416666666666666,112
12611,10,111,130,10,13.0,112
12613,2,111,112,2,56.0,112
12619,6,111,126,6,21.0,112
12637,18,111,234,18,13.0,112
12641,4,111,115,4,28.75,112
12647,6,111,162,6,27.0,112
12653,6,111,122,6,20.333333333333332,112
12659,6,111,120,6,20.0,112
12671,12,111,187,12,15.583333333333334,112
12689,18,111,194,18,10.777777777777779,112
12697,8,111,127,8,15.875,112
12703,6,111,128,6,21.333333333333332,112
12713,10,111,286,10,28.6,112
12721,8,111,127,8,15.875,112
12739,18,111,220,18,12.222222222222221,112
12743,4,111,115,4,28.75,112
12757,14,111,180,14,12.857142857142858,112
12763,6,111,122,6,20.333333333333332,112
12781,18,112,323,18,17.944444444444443,113
12791,10,112,143,10,14.3,113
12799,8,112,194,8,24.25,113
12809,10,112,131,10,13.1,113
12821,12,112,154,12,12.833333333333334,113
12823,2,112,113,2,56.5,113
12829,6,112,217,6,36.166666666666664,113
12841,12,112,202,12,16.833333333333332,113
12853,12,112,224,12,18.666666666666668,113
12889,36,112,368,36,10.222222222222221,113
12893,4,112,116,4,29.0,113
12899,6,112,121,6,20.166666666666668,113
12907,8,112,128,8,16.0,113
12911,4,112,116,4,29.0,113
12917,6,112,153,6,25.5,113
12919,2,112,113,2,56.5,113
12923,4,112,116,4,29.0,113
12941,18,112,223,18,12.38888888888889,113
12953,12,112,160,12,13.333333333333334,113
12959,6,112,121,6,20.166666666666668,113
12967,8,112,134,8,16.75,113
12973,6,112,123,6,20.5,113
12979,6,112,135,6,22.5,113
12983,4,112,116,4,29.0,113
13001,18,113,216,18,12.0,114
13003,2,113,114,2,57.0,114
13007,4,113,117,4,29.25,114
13009,2,113,114,2,57.0,114
13033,24,113,309,24,12.875,114
13037,4,113,117,4,29.25,114
13043,6,113,130,6,21.666666666666668,114
13049,6,113,122,6,20.333333333333332,114
13063,14,113,204,14,14.571428571428571,114
13093,30,113,386,30,12.866666666666667,114
13099,6,113,124,6,20.666666666666668,114
13103,4,113,117,4,29.25,114
13109,6,113,122,6,20.333333333333332,114
13121,12,113,145,12,12.083333333333334,114
13127,6,113,128,6,21.333333333333332,114
13147,20,113,199,20,9.95,114
13151,4,113,117,4,29.25,114
13159,8,113,183,8,22.875,114
13163,4,113,117,4,29.25,114
13171,8,113,135,8,16.875,114
13177,6,113,122,6,20.333333333333332,114
13183,6,113,124,6,20.666666666666668,114
13187,4,113,117,4,29.25,114
13217,30,113,470,30,15.666666666666666,114
13219,2,113,114,2,57.0,114
13229,10,114,133,10,13.3,115
13241,12,114,234,12,19.5,115
13249,8,114,148,8,18.5,115
13259,10,114,155,10,15.5,115
13267,8,114,212,8,26.5,115
13291,24,114,320,24,13.333333333333334,115
13297,6,114,123,6,20.5,115
13309,12,114,228,12,19.0,115
13313,4,114,118,4,29.5,115
13327,14,114,157,14,11.214285714285714,115
13331,4,114,118,4,29.5,115
13337,6,114,185,6,30.833333333333332,115
13339,2,114,115,2,57.5,115
13367,28,114,228,28,8.142857142857142,115
13381,14,114,215,14,15.357142857142858,115
13397,16,114,206,16,12.875,115
13399,2,114,115,2,57.5,115
13411,12,114,150,12,12.5,115
13417,6,114,123,6,20.5,115
13421,4,114,118,4,29.5,115
13441,20,114,298,20,14.9,115
13451,10,114,133,10,13.3,115
13457,6,115,130,6,21.666666666666668,116
13463,6,115,162,6,27.0,116
13469,6,115,124,6,20.666666666666668,116
13477,8,115,143,8,17.875,116
13487,10,115,232,10,23.2,116
13499,12,115,237,12,19.75,116
13513,14,115,222,14,15.857142857142858,116
13523,10,115,140,10,14.0,116
13537,14,115,222,14,15.857142857142858,116
13553,16,115,201,16,12.5625,116
13567,14,115,210,14,15.0,116
13577,10,115,170,10,17.0,116
13591,14,115,288,14,20.571428571428573,116
13597,6,115,124,6,20.666666666666668,116
13613,16,115,235,16,14.6875,116
13619,6,115,124,6,20.666666666666668,116
13627,8,115,177,8,22.125,116
13633,6,115,162,6,27.0,116
13649,16,115,173,16,10.8125,116
13669,20,115,259,20,12.95,116
13679,10,115,138,10,13.8,116
13681,2,115,116,2,58.0,116
13687,6,115,124,6,20.666666666666668,116
13691,4,116,120,4,30.0,117
13693,2,116,117,2,58.5,117
13697,4,116,120,4,30.0,117
13709,12,116,206,12,17.166666666666668,117
13711,2,116,117,2,58.5,117
13721,10,116,139,10,13.9,117
13723,2,116,117,2,58.5,117
13729,6,116,127,6,21.166666666666668,117
13751,22,116,247,22,11.227272727272727,117
13757,6,116,137,6,22.833333333333332,117
13759,2,116,117,2,58.5,117
13763,4,116,120,4,30.0,117
13781,18,116,213,18,11.833333333333334,117
13789,8,116,144,8,18.0,117
13799,10,116,141,10,14.1,117
13807,8,116,162,8,20.25,117
13829,22,116,237,22,10.772727272727273,117
13831,2,116,117,2,58.5,117
13841,10,116,229,10,22.9,117
13859,18,116,319,18,17.72222222222222,117
13873,14,116,229,14,16.357142857142858,117
13877,4,116,120,4,30.0,117
13879,2,116,117,2,58.5,117
13883,4,116,120,4,30.0,117
13901,18,116,195,18,10.833333333333334,117
13903,2,116,117,2,58.5,117
13907,4,116,120,4,30.0,117
13913,6,116,127,6,21.166666666666668,117
13921,8,116,156,8,19.5,117
13931,10,117,148,10,14.8,118
13933,2,117,118,2,59.0,118
13963,30,117,336,30,11.2,118
13967,4,117,121,4,30.25,118
13997,30,117,406,30,13.533333333333333,118
13999,2,117,118,2,59.0,118
14009,10,117,140,10,14.0,118
14011,2,117,118,2,59.0,118
14029,18,117,296,18,16.444444444444443,118
14033,4,117,121,4,30.25,118
14051,18,117,268,18,14.88888888888889,118
14057,6,117,134,6,22.333333333333332,118
14071,14,117,164,14,11.714285714285714,118
14081,10,117,136,10,13.6,118
14083,2,117,118,2,59.0,118
14087,4,117,121,4,30.25,118
14107,20,117,309,20,15.45,118
14143,36,117,545,36,15.13888888888889,118
14149,6,117,128,6,21.333333333333332,118
14153,4,117,121,4,30.25,118
14159,6,117,126,6,21.0,118
14173,14,118,205,14,14.642857142857142,119
14177,4,118,122,4,30.5,119
14197,20,118,192,20,9.6,119
14207,10,118,143,10,14.3,119
14221,14,118,263,14,18.785714285714285,119
14243,22,118,279,22,12.681818181818182,119
14249,6,118,127,6,21.166666666666668,119
14251,2,118,119,2,59.5,119
14281,30,118,373,30,12.433333333333334,119
14293,12,118,168,12,14.0,119
14303,10,118,221,10,22.1,119
14321,18,118,293,18,16.27777777777778,119
14323,2,118,119,2,59.5,119
14327,4,118,122,4,30.5,119
14341,14,118,161,14,11.5,119
14347,6,118,127,6,21.166666666666668,119
14369,22,118,423,22,19.227272727272727,119
14387,18,118,243,18,13.5,119
14389,2,118,119,2,59.5,119
14401,12,119,175,12,14.583333333333334,120
14407,6,119,128,6,21.333333333333332,120
14411,4,119,123,4,30.75,120
14419,8,119,143,8,17.875,120
14423,4,119,123,4,30.75,120
14431,8,119,175,8,21.875,120
14437,6,119,128,6,21.333333333333332,120
14447,10,119,144,10,14.4,120
14449,2,119,120,2,60.0,120
14461,12,119,247,12,20.583333333333332,120
14479,18,119,252,18,14.0,120
14489,10,119,138,10,13.8,120
14503,14,119,198,14,14.142857142857142,120
14519,16,119,257,16,16.0625,120
14533,14,119,228,14,16.285714285714285,120
14537,4,119,123,4,30.75,120
14543,6,119,130,6,21.666666666666668,120
14549,6,119,128,6,21.333333333333332,120
14551,2,119,120,2,60.0,120
14557,6,119,128,6,21.333333333333332,120
14561,4,119,123,4,30.75,120
14563,2,119,120,2,60.0,120
14591,28,119,279,28,9.964285714285714,120
14593,2,119,120,2,60.0,120
14621,28,119,259,28,9.25,120
14627,6,119,130,6,21.666666666666668,120
14629,2,119,120,2,60.0,120
14633,4,119,123,4,30.75,120
14639,6,119,128,6,21.333333333333332,120
14653,14,120,247,14,17.642857142857142,121
14657,4,120,124,4,31.0,121
14669,12,120,250,12,20.833333333333332,121
14683,14,120,215,14,15.357142857142858,121
14699,16,120,198,16,12.375,121
14713,14,120,247,14,17.642857142857142,121
14717,4,120,124,4,31.0,121
14723,6,120,165,6,27.5,121
14731,8,120,140,8,17.5,121
14737,6,120,129,6,21.5,121
14741,4,120,124,4,31.0,121
14747,6,120,147,6,24.5,121
14753,6,120,131,6,21.833333333333332,121
14759,6,120,129,6,21.5,121
14767,8,120,158,8,19.75,121
14771,4,120,124,4,31.0,121
14779,8,120,142,8,17.75,121
14783,4,120,124,4,31.0,121
14797,14,120,167,14,11.928571428571429,121
14813,16,120,334,16,20.875,121
14821,8,120,136,8,17.0,121
14827,6,120,129,6,21.5,121
14831,4,120,124,4,31.0,121
14843,12,120,182,12,15.166666666666666,121
14851,8,120,160,8,20.0,121
14867,16,120,314,16,19.625,121
14869,2,120,121,2,60.5,121
14879,10,120,239,10,23.9,121
14887,8,121,153,8,19.125,122
14891,4,121,125,4,31.25,122
14897,6,121,178,6,29.666666666666668,122
14923,26,121,278,26,10.692307692307692,122
14929,6,121,136,6,22.666666666666668,122
14939,10,121,242,10,24.2,122
14947,8,121,197,8,24.625,122
14951,4,121,125,4,31.25,122
14957,6,121,144,6,24.0,122
14969,12,121,153,12,12.75,122
14983,14,121,232,14,16.571428571428573,122
15013,30,121,298,30,9.933333333333334,122
15017,4,121,125,4,31.25,122
15031,14,121,246,14,17.571428571428573,122
15053,22,121,312,22,14.181818181818182,122
15061,8,121,141,8,17.625,122
15073,12,121,153,12,12.75,122
15077,4,121,125,4,31.25,122
15083,6,121,142,6,23.666666666666668,122
15091,8,121,209,8,26.125,122
15101,10,121,164,10,16.4,122
15107,6,121,136,6,22.666666666666668,122
15121,14,121,182,14,13.0,122
15131,10,122,141,10,14.1,123
15137,6,122,163,6,27.166666666666668,123
15139,2,122,123,2,61.5,123
15149,10,122,153,10,15.3,123
15161,12,122,266,12,22.166666666666668,123
15173,12,122,224,12,18.666666666666668,123
15187,14,122,199,14,14.214285714285714,123
15193,6,122,137,6,22.833333333333332,123
15199,6,122,133,6,22.166666666666668,123
15217,18,122,239,18,13.277777777777779,123
15227,10,122,173,10,17.3,123
15233,6,122,223,6,37.166666666666664,123
15241,8,122,138,8,17.25,123
15259,18,122,335,18,18.61111111111111,123
15263,4,122,126,4,31.5,123
15269,6,122,131,6,21.833333333333332,123
15271,2,122,123,2,61.5,123
15277,6,122,131,6,21.833333333333332,123
15287,10,122,153,10,15.3,123
15289,2,122,123,2,61.5,123
15299,10,122,175,10,17.5,123
15307,8,122,142,8,17.75,123
15313,6,122,187,6,31.166666666666668,123
15319,6,122,143,6,23.833333333333332,123
15329,10,122,141,10,14.1,123
15331,2,122,123,2,61.5,123
15349,18,122,337,18,18.72222222222222,123
15359,10,122,147,10,14.7,123
15361,2,122,123,2,61.5,123
15373,12,122,164,12,13.666666666666666,123
15377,4,123,127,4,31.75,124
15383,6,123,134,6,22.333333333333332,124
15391,8,123,143,8,17.875,124
15401,10,123,224,10,22.4,124
15413,12,123,229,12,19.083333333333332,124
15427,14,123,164,14,11.714285714285714,124
15439,12,123,197,12,16.416666666666668,124
15443,4,123,127,4,31.75,124
15451,8,123,139,8,17.375,124
15461,10,123,148,10,14.8,124
15467,6,123,134,6,22.333333333333332,124
15473,6,123,158,6,26.333333333333332,124
15493,20,123,303,20,15.15,124
15497,4,123,127,4,31.75,124
15511,14,123,196,14,14.0,124
15527,16,123,227,16,14.1875,124
15541,14,123,236,14,16.857142857142858,124
15551,10,123,142,10,14.2,124
15559,8,123,277,8,34.625,124
15569,10,123,214,10,21.4,124
15581,12,123,195,12,16.25,124
15583,2,123,124,2,62.0,124
15601,18,123,206,18,11.444444444444445,124
15607,6,123,132,6,22.0,124
15619,12,123,217,12,18.083333333333332,124
15629,10,124,153,10,15.3,125
15641,12,124,162,12,13.5,125
15643,2,124,125,2,62.5,125
15647,4,124,128,4,32.0,125
15649,2,124,125,2,62.5,125
15661,12,124,154,12,12.833333333333334,125
15667,6,124,133,6,22.166666666666668,125
15671,4,124,128,4,32.0,125
15679,8,124,196,8,24.5,125
15683,4,124,128,4,32.0,125
15727,44,124,512,44,11.636363636363637,125
15731,4,124,128,4,32.0,125
15733,2,124,125,2,62.5,125
15737,4,124,128,4,32.0,125
15739,2,124,125,2,62.5,125
15749,10,124,143,10,14.3,125
15761,12,124,162,12,13.5,125
15767,6,124,139,6,23.166666666666668,125
15773,6,124,141,6,23.5,125
15787,14,124,215,14,15.357142857142858,125
15791,4,124,128,4,32.0,125
15797,6,124,145,6,24.166666666666668,125
15803,6,124,135,6,22.5,125
15809,6,124,133,6,22.166666666666668,125
15817,8,124,230,8,28.75,125
15823,6,124,141,6,23.5,125
15859,36,124,504,36,14.0,125
15877,18,125,240,18,13.333333333333334,126
15881,4,125,129,4,32.25,126
15887,6,125,136,6,22.666666666666668,126
15889,2,125,126,2,63.0,126
15901,12,125,173,12,14.416666666666666,126
15907,6,125,134,6,22.333333333333332,126
15913,6,125,136,6,22.666666666666668,126
15919,6,125,140,6,23.333333333333332,126
15923,4,125,129,4,32.25,126
15937,14,125,248,14,17.714285714285715,126
15959,22,125,354,22,16.09090909090909,126
15971,12,125,155,12,12.916666666666666,126
15973,2,125,126,2,63.0,126
15991,18,125,242,18,13.444444444444445,126
16001,10,125,154,10,15.4,126
16007,6,125,142,6,23.666666666666668,126
16033,26,125,370,26,14.23076923076923,126
16057,24,125,277,24,11.541666666666666,126
16061,4,125,129,4,32.25,126
16063,2,125,126,2,63.0,126
16067,4,125,129,4,32.25,126
16069,2,125,126,2,63.0,126
16073,4,125,129,4,32.25,126
16087,14,125,162,14,11.571428571428571,126
16091,4,125,129,4,32.25,126
16097,6,125,136,6,22.666666666666668,126
16103,6,125,146,6,24.333333333333332,126
16111,8,125,223,8,27.875,126
16127,16,125,241,16,15.0625,126
16139,12,126,278,12,23.166666666666668,127
16141,2,126,127,2,63.5,127
16183,42,126,555,42,13.214285714285714,127
16187,4,126,130,4,32.5,127
16189,2,126,127,2,63.5,127
16193,4,126,130,4,32.5,127
16217,24,126,326,24,13.583333333333334,127
16223,6,126,137,6,22.833333333333332,127
16229,6,126,135,6,22.5,127
16231,2,126,127,2,63.5,127
16249,18,126,307,18,17.055555555555557,127
16253,4,126,130,4,32.5,127
16267,14,126,221,14,15.785714285714286,127
16273,6,126,183,6,30.5,127
16301,28,126,346,28,12.357142857142858,127
16319,18,126,229,18,12.722222222222221,127
16333,14,126,193,14,13.785714285714286,127
16339,6,126,147,6,24.5,127
16349,10,126,197,10,19.7,127
16361,12,126,232,12,19.333333333333332,127
16363,2,126,127,2,63.5,127
16369,6,126,143,6,23.833333333333332,127
16381,12,126,156,12,13.0,127
16411,30,127,360,30,12.0,128
16417,6,127,136,6,22.666666666666668,128
16421,4,127,131,4,32.75,128
16427,6,127,142,6,23.666666666666668,128
16433,6,127,138,6,23.0,128
16447,14,127,202,14,14.428571428571429,128
16451,4,127,131,4,32.75,128
16453,2,127,128,2,64.0,128
16477,24,127,417,24,17.375,128
16481,4,127,131,4,32.75,128
16487,6,127,184,6,30.666666666666668,128
16493,6,127,142,6,23.666666666666668,128
16519,26,127,304,26,11.692307692307692,128
16529,10,127,152,10,15.2,128
16547,18,127,304,18,16.88888888888889,128
16553,6,127,144,6,24.0,128
16561,8,127,165,8,20.625,128
16567,6,127,136,6,22.666666666666668,128
16573,6,127,204,6,34.0,128
16603,30,127,350,30,11.666666666666666,128
16607,4,127,131,4,32.75,128
16619,12,127,193,12,16.083333333333332,128
16631,12,127,163,12,13.583333333333334,128
16633,2,127,128,2,64.0,128
16649,16,128,288,16,18.0,129
16651,2,128,129,2,64.5,129
16657,6,128,137,6,22.833333333333332,129
16661,4,128,132,4,33.0,129
16673,12,128,240,12,20.0,129
16691,18,128,179,18,9.944444444444445,129
16693,2,128,129,2,64.5,129
16699,6,128,191,6,31.833333333333332,129
16703,4,128,132,4,33.0,129
16729,26,128,321,26,12.346153846153847,129
16741,12,128,188,12,15.666666666666666,129
16747,6,128,137,6,22.833333333333332,129
16759,12,128,166,12,13.833333333333334,129
16763,4,128,132,4,33.0,129
16787,24,128,352,24,14.666666666666666,129
16811,24,128,428,24,17.833333333333332,129
16823,12,128,230,12,19.166666666666668,129
16829,6,128,137,6,22.833333333333332,129
16831,2,128,129,2,64.5,129
16843,12,128,264,12,22.0,129
16871,28,128,334,28,11.928571428571429,129
16879,8,128,186,8,23.25,129
16883,4,128,132,4,33.0,129
16889,6,128,137,6,22.833333333333332,129
16901,12,129,209,12,17.416666666666668,130
16903,2,129,130,2,65.0,130
16921,18,129,212,18,11.777777777777779,130
16927,6,129,138,6,23.0,130
16931,4,129,133,4,33.25,130
16937,6,129,140,6,23.333333333333332,130
16943,6,129,146,6,24.333333333333332,130
16963,20,129,215,20,10.75,130
16979,16,129,245,16,15.3125,130
16981,2,129,130,2,65.0,130
16987,6,129,138,6,23.0,130
16993,6,129,146,6,24.333333333333332,130
17011,18,129,336,18,18.666666666666668,130
17021,10,129,148,10,14.8,130
17027,6,129,162,6,27.0,130
17029,2,129,130,2,65.0,130
17033,4,129,133,4,33.25,130
17041,8,129,149,8,18.625,130
17047,6,129,138,6,23.0,130
17053,6,129,150,6,25.0,130
17077,24,129,365,24,15.208333333333334,130
17093,16,129,199,16,12.4375,130
17099,6,129,138,6,23.0,130
17107,8,129,145,8,18.125,130
17117,10,129,316,10,31.6,130
17123,6,129,150,6,25.0,130
17137,14,129,190,14,13.571428571428571,130
17159,22,129,256,22,11.636363636363637,130
17167,8,130,270,8,33.75,131
17183,16,130,290,16,18.125,131
17189,6,130,139,6,23.166666666666668,131
17191,2,130,131,2,65.5,131
17203,12,130,274,12,22.833333333333332,131
17207,4,130,134,4,33.5,131
17209,2,130,131,2,65.5,131
17231,22,130,251,22,11.409090909090908,131
17239,8,130,164,8,20.5,131
17257,18,130,253,18,14.055555555555555,131
17291,34,130,429,34,12.617647058823529,131
17293,2,130,131,2,65.5,131
17299,6,130,141,6,23.5,131
17317,18,130,187,18,10.38888888888889,131
17321,4,130,134,4,33.5,131
17327,6,130,151,6,25.166666666666668,131
17333,6,130,147,6,24.5,131
17341,8,130,146,8,18.25,131
17351,10,130,153,10,15.3,131
17359,8,130,158,8,19.75,131
17377,18,130,287,18,15.944444444444445,131
17383,6,130,141,6,23.5,131
17387,4,130,134,4,33.5,131
17389,2,130,131,2,65.5,131
17393,4,130,134,4,33.5,131
17401,8,130,266,8,33.25,131
17417,16,130,192,16,12.0,131
17419,2,130,131,2,65.5,131
17431,12,131,179,12,14.916666666666666,132
17443,12,131,257,12,21.416666666666668,132
17449,6,131,208,6,34.666666666666664,132
17467,18,131,214,18,11.88888888888889,132
17471,4,131,135,4,33.75,132
17477,6,131,236,6,39.333333333333336,132
17483,6,131,142,6,23.666666666666668,132
17489,6,131,140,6,23.333333333333332,132
17491,2,131,132,2,66.0,132
17497,6,131,140,6,23.333333333333332,132
17509,12,131,179,12,14.916666666666666,132
17519,10,131,226,10,22.6,132
17539,20,131,319,20,15.95,132
17551,12,131,203,12,16.916666666666668,132
17569,18,131,278,18,15.444444444444445,132
17573,4,131,135,4,33.75,132
17579,6,131,140,6,23.333333333333332,132
17581,2,131,132,2,66.0,132
17597,16,131,269,16,16.8125,132
17599,2,131,132,2,66.0,132
17609,10,131,172,10,17.2,132
17623,14,131,300,14,21.428571428571427,132
17627,4,131,135,4,33.75,132
17657,30,131,378,30,12.6,132
17659,2,131,132,2,66.0,132
17669,10,131,160,10,16.0,132
17681,12,131,195,12,16.25,132
17683,2,131,132,2,66.0,132
17707,24,132,240,24,10.0,133
17713,6,132,225,6,37.5,133
17729,16,132,204,16,12.75,133
17737,8,132,148,8,18.5,133
17747,10,132,263,10,26.3,133
17749,2,132,133,2,66.5,133
17761,12,132,192,12,16.0,133
17783,22,132,331,22,15.045454545454545,133
17789,6,132,141,6,23.5,133
17791,2,132,133,2,66.5,133
17807,16,132,186,16,11.625,133
17827,20,132,384,20,19.2,133
17837,10,132,167,10,16.7,133
17839,2,132,133,2,66.5,133
17851,12,132,164,12,13.666666666666666,133
17863,12,132,204,12,17.0,133
17881,18,132,351,18,19.5,133
17891,10,132,175,10,17.5,133
17903,12,132,186,12,15.5,133
17909,6,132,141,6,23.5,133
17911,2,132,133,2,66.5,133
17921,10,132,163,10,16.3,133
17923,2,132,133,2,66.5,133
17929,6,132,143,6,23.833333333333332,133
17939,10,132,223,10,22.3,133
17957,18,133,328,18,18.22222222222222,134
17959,2,133,134,2,67.0,134
17971,12,133,163,12,13.583333333333334,134
17977,6,133,142,6,23.666666666666668,134
17981,4,133,137,4,34.25,134
17987,6,133,144,6,24.0,134
17989,2,133,134,2,67.0,134
18013,24,133,281,24,11.708333333333334,134
18041,28,133,347,28,12.392857142857142,134
18043,2,133,134,2,67.0,134
18047,4,133,137,4,34.25,134
18049,2,133,134,2,67.0,134
18059,10,133,152,10,15.2,134
18061,2,133,134,2,67.0,134
18077,16,133,183,16,11.4375,134
18089,12,133,259,12,21.583333333333332,134
18097,8,133,221,8,27.625,134
18119,22,133,302,22,13.727272727272727,134
18121,2,133,134,2,67.0,134
18127,6,133,142,6,23.666666666666668,134
18131,4,133,137,4,34.25,134
18133,2,133,134,2,67.0,134
18143,10,133,158,10,15.8,134
18149,6,133,142,6,23.666666666666668,134
18169,20,133,311,20,15.55,134
18181,12,133,169,12,14.083333333333334,134
18191,10,133,158,10,15.8,134
18199,8,133,175,8,21.875,134
18211,12,133,385,12,32.083333333333336,134
18217,6,133,142,6,23.666666666666668,134
18223,6,133,144,6,24.0,134
18229,6,134,149,6,24.833333333333332,135
18233,4,134,138,4,34.5,135
18251,18,134,255,18,14.166666666666666,135
18253,2,134,135,2,67.5,135
18257,4,134,138,4,34.5,135
18269,12,134,172,12,14.333333333333334,135
18287,18,134,315,18,17.5,135
18289,2,134,135,2,67.5,135
18301,12,134,186,12,15.5,135
18307,6,134,143,6,23.833333333333332,135
18311,4,134,138,4,34.5,135
18313,2,134,135,2,67.5,135
18329,16,134,242,16,15.125,135
18341,12,134,180,12,15.0,135
18353,12,134,220,12,18.333333333333332,135
18367,14,134,169,14,12.071428571428571,135
18371,4,134,138,4,34.5,135
18379,8,134,174,8,21.75,135
18397,18,134,245,18,13.61111111111111,135
18401,4,134,138,4,34.5,135
18413,12,134,268,12,22.333333333333332,135
18427,14,134,277,14,19.785714285714285,135
18433,6,134,145,6,24.166666666666668,135
18439,6,134,241,6,40.166666666666664,135
18443,4,134,138,4,34.5,135
18451,8,134,162,8,20.25,135
18457,6,134,143,6,23.833333333333332,135
18461,4,134,138,4,34.5,135
18481,20,134,280,20,14.0,135
18493,12,134,164,12,13.666666666666666,135
18503,10,135,208,10,20.8,136
18517,14,135,342,14,24.428571428571427,136
18521,4,135,139,4,34.75,136
18523,2,135,136,2,68.0,136
18539,16,135,297,16,18.5625,136
18541,2,135,136,2,68.0,136
18553,12,135,177,12,14.75,136
18583,30,135,322,30,10.733333333333333,136
18587,4,135,139,4,34.75,136
18593,6,135,168,6,28.0,136
18617,24,135,243,24,10.125,136
18637,20,135,253,20,12.65,136
18661,24,135,379,24,15.791666666666666,136
18671,10,135,158,10,15.8,136
18679,8,135,229,8,28.625,136
18691,12,135,165,12,13.75,136
18701,10,135,154,10,15.4,136
18713,12,135,267,12,22.25,136
18719,6,135,144,6,24.0,136
18731,12,135,305,12,25.416666666666668,136
18743,12,135,201,12,16.75,136
18749,6,135,144,6,24.0,136
18757,8,135,161,8,20.125,136
18773,16,136,392,16,24.5,137
18787,14,136,249,14,17.785714285714285,137
18793,6,136,159,6,26.5,137
18797,4,136,140,4,35.0,137
18803,6,136,151,6,25.166666666666668,137
18839,36,136,362,36,10.055555555555555,137
18859,20,136,414,20,20.7,137
18869,10,136,161,10,16.1,137
18899,30,136,451,30,15.033333333333333,137
18911,12,136,196,12,16.333333333333332,137
18913,2,136,137,2,68.5,137
18917,4,136,140,4,35.0,137
18919,2,136,137,2,68.5,137
18947,28,136,384,28,13.714285714285714,137
18959,12,136,166,12,13.833333333333334,137
18973,14,136,289,14,20.642857142857142,137
18979,6,136,147,6,24.5,137
19001,22,136,235,22,10.681818181818182,137
19009,8,136,254,8,31.75,137
19013,4,136,140,4,35.0,137
19031,18,136,239,18,13.277777777777779,137
19037,6,136,147,6,24.5,137
19051,14,137,408,14,29.142857142857142,138
19069,18,137,210,18,11.666666666666666,138
19073,4,137,141,4,35.25,138
19079,6,137,146,6,24.333333333333332,138
19081,2,137,138,2,69.0,138
19087,6,137,146,6,24.333333333333332,138
19121,34,137,468,34,13.764705882352942,138
19139,18,137,226,18,12.555555555555555,138
19141,2,137,138,2,69.0,138
19157,16,137,311,16,19.4375,138
19163,6,137,148,6,24.666666666666668,138
19181,18,137,332,18,18.444444444444443,138
19183,2,137,138,2,69.0,138
19207,24,137,295,24,12.291666666666666,138
19211,4,137,141,4,35.25,138
19213,2,137,138,2,69.0,138
19219,6,137,152,6,25.333333333333332,138
19231,12,137,203,12,16.916666666666668,138
19237,6,137,146,6,24.333333333333332,138
19249,12,137,241,12,20.083333333333332,138
19259,10,137,162,10,16.2,138
19267,8,137,157,8,19.625,138
19273,6,137,148,6,24.666666666666668,138
19289,16,137,213,16,13.3125,138
19301,12,137,273,12,22.75,138
19309,8,137,281,8,35.125,138
19319,10,137,156,10,15.6,138
19333,14,138,309,14,22.071428571428573,139
19373,40,138,548,40,13.7,139
19379,6,138,147,6,24.5,139
19381,2,138,139,2,69.5,139
19387,6,138,147,6,24.5,139
19391,4,138,142,4,35.5,139
19403,12,138,182,12,15.166666666666666,139
19417,14,138,175,14,12.5,139
19421,4,138,142,4,35.5,139
19423,2,138,139,2,69.5,139
19427,4,138,142,4,35.5,139
19429,2,138,139,2,69.5,139
19433,4,138,142,4,35.5,139
19441,8,138,154,8,19.25,139
19447,6,138,147,6,24.5,139
19457,10,138,205,10,20.5,139
19463,6,138,153,6,25.5,139
19469,6,138,147,6,24.5,139
19471,2,138,139,2,69.5,139
19477,6,138,147,6,24.5,139
19483,6,138,149,6,24.833333333333332,139
19489,6,138,155,6,25.833333333333332,139
19501,12,138,268,12,22.333333333333332,139
19507,6,138,147,6,24.5,139
19531,24,138,504,24,21.0,139
19541,10,138,157,10,15.7,139
19543,2,138,139,2,69.5,139
19553,10,138,269,10,26.9,139
19559,6,138,147,6,24.5,139
19571,12,138,198,12,16.5,139
19577,6,138,165,6,27.5,139
19583,6,138,149,6,24.833333333333332,139
19597,14,138,185,14,13.214285714285714,139
19603,6,139,160,6,26.666666666666668,140
19609,6,139,150,6,25.0,140
19661,52,139,531,52,10.211538461538462,140
19681,20,139,359,20,17.95,140
19687,6,139,148,6,24.666666666666668,140
19697,10,139,200,10,20.0,140
19699,2,139,140,2,70.0,140
19709,10,139,168,10,16.8,140
19717,8,139,171,8,21.375,140
19727,10,139,170,10,17.0,140
19739,12,139,267,12,22.25,140
19751,12,139,177,12,14.75,140
19753,2,139,140,2,70.0,140
19759,6,139,166,6,27.666666666666668,140
19763,4,139,143,4,35.75,140
19777,14,139,226,14,16.142857142857142,140
19793,16,139,407,16,25.4375,140
19801,8,139,161,8,20.125,140
19813,12,139,191,12,15.916666666666666,140
19819,6,139,150,6,25.0,140
19841,22,139,374,22,17.0,140
19843,2,139,140,2,70.0,140
19853,10,139,258,10,25.8,140
19861,8,139,155,8,19.375,140
19867,6,139,148,6,24.666666666666668,140
19889,22,140,369,22,16.772727272727273,141
19891,2,140,141,2,70.5,141
19913,22,140,339,22,15.409090909090908,141
19919,6,140,149,6,24.833333333333332,141
19927,8,140,160,8,20.0,141
19937,10,140,197,10,19.7,141
19949,12,140,286,12,23.833333333333332,141
19961,12,140,230,12,19.166666666666668,141
19963,2,140,141,2,70.5,141
19973,10,140,207,10,20.7,141
19979,6,140,149,6,24.833333333333332,141
19991,12,140,176,12,14.666666666666666,141
19993,2,140,141,2,70.5,141
19997,4,140,144,4,36.0,141
20011,14,140,253,14,18.071428571428573,141
20021,10,140,189,10,18.9,141
20023,2,140,141,2,70.5,141
20029,6,140,151,6,25.166666666666668,141
20047,18,140,209,18,11.61111111111111,141
20051,4,140,144,4,36.0,141
20063,12,140,202,12,16.833333333333332,141
20071,8,140,156,8,19.5,141
20089,18,140,275,18,15.277777777777779,141
20101,12,140,324,12,27.0,141
20107,6,140,149,6,24.833333333333332,141
20113,6,140,151,6,25.166666666666668,141
20117,4,140,144,4,36.0,141
20123,6,140,155,6,25.833333333333332,141
20129,6,140,149,6,24.833333333333332,141
20143,14,140,217,14,15.5,141
20147,4,140,144,4,36.0,141
20149,2,140,141,2,70.5,141
20161,12,140,178,12,14.833333333333334,141
20173,12,141,183,12,15.25,142
20177,4,141,145,4,36.25,142
20183,6,141,162,6,27.0,142
20201,18,141,254,18,14.11111111111111,142
20219,18,141,280,18,15.555555555555555,142
20231,12,141,339,12,28.25,142
20233,2,141,142,2,71.0,142
20249,16,141,231,16,14.4375,142
20261,12,141,207,12,17.25,142
20269,8,141,181,8,22.625,142
20287,18,141,196,18,10.88888888888889,142
20297,10,141,258,10,25.8,142
20323,26,141,356,26,13.692307692307692,142
20327,4,141,145,4,36.25,142
20333,6,141,174,6,29.0,142
20341,8,141,161,8,20.125,142
20347,6,141,150,6,25.0,142
20353,6,141,192,6,32.0,142
20357,4,141,145,4,36.25,142
20359,2,141,142,2,71.0,142
20369,10,141,160,10,16.0,142
20389,20,141,295,20,14.75,142
20393,4,141,145,4,36.25,142
20399,6,141,150,6,25.0,142
20407,8,141,173,8,21.625,142
20411,4,141,145,4,36.25,142
20431,20,141,361,20,18.05,142
20441,10,141,260,10,26.0,142
20443,2,141,142,2,71.0,142
20477,34,142,517,34,15.205882352941176,143
20479,2,142,143,2,71.5,143
20483,4,142,146,4,36.5,143
20507,24,142,326,24,13.583333333333334,143
20509,2,142,143,2,71.5,143
20521,12,142,244,12,20.333333333333332,143
20533,12,142,174,12,14.5,143
20543,10,142,179,10,17.9,143
20549,6,142,151,6,25.166666666666668,143
20551,2,142,143,2,71.5,143
20563,12,142,244,12,20.333333333333332,143
20593,30,142,463,30,15.433333333333334,143
20599,6,142,189,6,31.5,143
20611,12,142,202,12,16.833333333333332,143
20627,16,142,268,16,16.75,143
20639,12,142,208,12,17.333333333333332,143
20641,2,142,143,2,71.5,143
20663,22,142,377,22,17.136363636363637,143
20681,18,142,203,18,11.277777777777779,143
20693,12,142,316,12,26.333333333333332,143
20707,14,142,293,14,20.928571428571427,143
20717,10,142,295,10,29.5,143
20719,2,142,143,2,71.5,143
20731,12,142,190,12,15.833333333333334,143
20743,12,143,251,12,20.916666666666668,144
20747,4,143,147,4,36.75,144
20749,2,143,144,2,72.0,144
20753,4,143,147,4,36.75,144
20759,6,143,152,6,25.333333333333332,144
20771,12,143,187,12,15.583333333333334,144
20773,2,143,144,2,72.0,144
20789,16,143,255,16,15.9375,144
20807,18,143,264,18,14.666666666666666,144
20809,2,143,144,2,72.0,144
20849,40,143,621,40,15.525,144
20857,8,143,181,8,22.625,144
20873,16,143,255,16,15.9375,144
20879,6,143,152,6,25.333333333333332,144
20887,8,143,159,8,19.875,144
20897,10,143,180,10,18.0,144
20899,2,143,144,2,72.0,144
20903,4,143,147,4,36.75,144
20921,18,143,194,18,10.777777777777779,144
20929,8,143,171,8,21.375,144
20939,10,143,166,10,16.6,144
20947,8,143,195,8,24.375,144
20959,12,143,199,12,16.583333333333332,144
20963,4,143,147,4,36.75,144
20981,18,143,254,18,14.11111111111111,144
20983,2,143,144,2,72.0,144
21001,18,143,346,18,19.22222222222222,144
21011,10,143,162,10,16.2,144
21013,2,143,144,2,72.0,144
21017,4,143,147,4,36.75,144
21019,2,143,144,2,72.0,144
21023,4,143,147,4,36.75,144
21031,8,144,170,8,21.25,145
21059,28,144,400,28,14.285714285714286,145
21061,2,144,145,2,72.5,145
21067,6,144,153,6,25.5,145
21089,22,144,337,22,15.318181818181818,145
21101,12,144,180,12,15.0,145
21107,6,144,195,6,32.5,145
21121,14,144,217,14,15.5,145
21139,18,144,237,18,13.166666666666666,145
21143,4,144,148,4,37.0,145
21149,6,144,153,6,25.5,145
21157,8,144,166,8,20.75,145
21163,6,144,155,6,25.833333333333332,145
21169,6,144,209,6,34.833333333333336,145
21179,10,144,187,10,18.7,145
21187,8,144,212,8,26.5,145
21191,4,144,148,4,37.0,145
21193,2,144,145,2,72.5,145
21211,18,144,321,18,17.833333333333332,145
21221,10,144,163,10,16.3,145
21227,6,144,167,6,27.833333333333332,145
21247,20,144,272,20,13.6,145
21269,22,144,341,22,15.5,145
21277,8,144,242,8,30.25,145
21283,6,144,161,6,26.833333333333332,145
21313,30,144,483,30,16.1,145
21317,4,145,149,4,37.25,146
21319,2,145,146,2,73.0,146
21323,4,145,149,4,37.25,146
21341,18,145,274,18,15.222222222222221,146
21347,6,145,156,6,26.0,146
21377,30,145,434,30,14.466666666666667,146
21379,2,145,146,2,73.0,146
21383,4,145,149,4,37.25,146
21391,8,145,227,8,28.375,146
21397,6,145,154,6,25.666666666666668,146
21401,4,145,149,4,37.25,146
21407,6,145,166,6,27.666666666666668,146
21419,12,145,243,12,20.25,146
21433,14,145,224,14,16.0,146
21467,34,145,414,34,12.176470588235293,146
21481,14,145,320,14,22.857142857142858,146
21487,6,145,154,6,25.666666666666668,146
21491,4,145,149,4,37.25,146
21493,2,145,146,2,73.0,146
21499,6,145,156,6,26.0,146
21503,4,145,149,4,37.25,146
21517,14,145,306,14,21.857142857142858,146
21521,4,145,149,4,37.25,146
21523,2,145,146,2,73.0,146
21529,6,145,160,6,26.666666666666668,146
21557,28,145,311,28,11.107142857142858,146
21559,2,145,146,2,73.0,146
21563,4,145,149,4,37.25,146
21569,6,145,154,6,25.666666666666668,146
21577,8,145,165,8,20.625,146
21587,10,145,272,10,27.2,146
21589,2,145,146,2,73.0,146
21599,10,145,168,10,16.8,146
21601,2,145,146,2,73.0,146
21611,10,146,175,10,17.5,147
21613,2,146,147,2,73.5,147
21617,4,146,150,4,37.5,147
21647,30,146,379,30,12.633333333333333,147
21649,2,146,147,2,73.5,147
21661,12,146,228,12,19.0,147
21673,12,146,218,12,18.166666666666668,147
21683,10,146,213,10,21.3,147
21701,18,146,311,18,17.27777777777778,147
21713,12,146,188,12,15.666666666666666,147
21727,14,146,207,14,14.785714285714286,147
21737,10,146,287,10,28.7,147
21739,2,146,147,2,73.5,147
21751,12,146,182,12,15.166666666666666,147
21757,6,146,155,6,25.833333333333332,147
21767,10,146,207,10,20.7,147
21773,6,146,161,6,26.833333333333332,147
21787,14,146,215,14,15.357142857142858,147
21799,12,146,250,12,20.833333333333332,147
21803,4,146,150,4,37.5,147
21817,14,146,293,14,20.928571428571427,147
21821,4,146,150,4,37.5,147
21839,18,146,403,18,22.38888888888889,147
21841,2,146,147,2,73.5,147
21851,10,146,165,10,16.5,147
21859,8,146,174,8,21.75,147
21863,4,146,150,4,37.5,147
21871,8,146,174,8,21.75,147
21881,10,146,289,10,28.9,147
21893,12,146,282,12,23.5,147
21911,18,147,258,18,14.333333333333334,148
21929,18,147,220,18,12.222222222222221,148
21937,8,147,163,8,20.375,148
21943,6,147,188,6,31.333333333333332,148
21961,18,147,262,18,14.555555555555555,148
21977,16,147,307,16,19.1875,148
21991,14,147,214,14,15.285714285714286,148
21997,6,147,156,6,26.0,148
22003,6,147,158,6,26.333333333333332,148
22013,10,147,226,10,22.6,148
22027,14,147,280,14,20.0,148
22031,4,147,151,4,37.75,148
22037,6,147,162,6,27.0,148
22039,2,147,148,2,74.0,148
22051,12,147,183,12,15.25,148
22063,12,147,179,12,14.916666666666666,148
22067,4,147,151,4,37.75,148
22073,6,147,180,6,30.0,148
22079,6,147,156,6,26.0,148
22091,12,147,243,12,20.25,148
22093,2,147,148,2,74.0,148
22109,16,147,211,16,13.1875,148
22111,2,147,148,2,74.0,148
22123,12,147,187,12,15.583333333333334,148
22129,6,147,158,6,26.333333333333332,148
22133,4,147,151,4,37.75,148
22147,14,147,184,14,13.142857142857142,148
22153,6,147,168,6,28.0,148
22157,4,147,151,4,37.75,148
22159,2,147,148,2,74.0,148
22171,12,147,203,12,16.916666666666668,148
22189,18,147,288,18,16.0,148
22193,4,147,151,4,37.75,148
22229,36,148,668,36,18.555555555555557,149
22247,18,148,247,18,13.722222222222221,149
22259,12,148,186,12,15.5,149
22271,12,148,280,12,23.333333333333332,149
22273,2,148,149,2,74.5,149
22277,4,148,152,4,38.0,149
22279,2,148,149,2,74.5,149
22283,4,148,152,4,38.0,149
22291,8,148,188,8,23.5,149
22303,12,148,200,12,16.666666666666668,149
22307,4,148,152,4,38.0,149
22343,36,148,600,36,16.666666666666668,149
22349,6,148,157,6,26.166666666666668,149
22367,18,148,319,18,17.72222222222222,149
22369,2,148,149,2,74.5,149
22381,12,148,180,12,15.0,149
22391,10,148,221,10,22.1,149
22397,6,148,159,6,26.5,149
22409,12,148,216,12,18.0,149
22433,24,148,344,24,14.333333333333334,149
22441,8,148,176,8,22.0,149
22447,6,148,157,6,26.166666666666668,149
22453,6,148,163,6,27.166666666666668,149
22469,16,148,224,16,14.0,149
22481,12,148,190,12,15.833333333333334,149
22483,2,148,149,2,74.5,149
22501,18,149,552,18,30.666666666666668,150
22511,10,149,232,10,23.2,150
22531,20,149,343,20,17.15,150
22541,10,149,192,10,19.2,150
22543,2,149,150,2,75.0,150
22549,6,149,160,6,26.666666666666668,150
22567,18,149,212,18,11.777777777777779,150
22571,4,149,153,4,38.25,150
22573,2,149,150,2,75.0,150
22613,40,149,591,40,14.775,150
22619,6,149,158,6,26.333333333333332,150
22621,2,149,150,2,75.0,150
22637,16,149,195,16,12.1875,150
22639,2,149,150,2,75.0,150
22643,4,149,153,4,38.25,150
22651,8,149,169,8,21.125,150
22669,18,149,470,18,26.11111111111111,150
22679,10,149,168,10,16.8,150
22691,12,149,205,12,17.083333333333332,150
22697,6,149,164,6,27.333333333333332,150
22699,2,149,150,2,75.0,150
22709,10,149,234,10,23.4,150
22717,8,149,171,8,21.375,150
22721,4,149,153,4,38.25,150
22727,6,149,184,6,30.666666666666668,150
22739,12,149,295,12,24.583333333333332,150
22741,2,149,150,2,75.0,150
22751,10,149,184,10,18.4,150
22769,18,149,256,18,14.222222222222221,150
22777,8,149,165,8,20.625,150
22783,6,149,164,6,27.333333333333332,150
22787,4,149,153,4,38.25,150
22807,20,150,364,20,18.2,151
22811,4,150,154,4,38.5,151
22817,6,150,161,6,26.833333333333332,151
22853,36,150,466,36,12.944444444444445,151
22859,6,150,159,6,26.5,151
22861,2,150,151,2,75.5,151
22871,10,150,175,10,17.5,151
22877,6,150,243,6,40.5,151
22901,24,150,382,24,15.916666666666666,151
22907,6,150,191,6,31.833333333333332,151
22921,14,150,217,14,15.5,151
22937,16,150,306,16,19.125,151
22943,6,150,161,6,26.833333333333332,151
22961,18,150,293,18,16.27777777777778,151
22963,2,150,151,2,75.5,151
22973,10,150,267,10,26.7,151
22993,20,150,398,20,19.9,151
23003,10,150,279,10,27.9,151
23011,8,150,166,8,20.75,151
23017,6,150,159,6,26.5,151
23021,4,150,154,4,38.5,151
23027,6,150,161,6,26.833333333333332,151
23029,2,150,151,2,75.5,151
23039,10,150,193,10,19.3,151
23041,2,150,151,2,75.5,151
23053,12,150,188,12,15.666666666666666,151
23057,4,150,154,4,38.5,151
23059,2,150,151,2,75.5,151
23063,4,150,154,4,38.5,151
23071,8,150,176,8,22.0,151
23081,10,150,209,10,20.9,151
23087,6,150,195,6,32.5,151
23099,12,150,180,12,15.0,151
23117,18,151,226,18,12.555555555555555,152
23131,14,151,344,14,24.571428571428573,152
23143,12,151,253,12,21.083333333333332,152
23159,16,151,265,16,16.5625,152
23167,8,151,179,8,22.375,152
23173,6,151,172,6,28.666666666666668,152
23189,16,151,283,16,17.6875,152
23197,8,151,167,8,20.875,152
23201,4,151,155,4,38.75,152
23203,2,151,152,2,76.0,152
23209,6,151,178,6,29.666666666666668,152
23227,18,151,328,18,18.22222222222222,152
23251,24,151,303,24,12.625,152
23269,18,151,282,18,15.666666666666666,152
23279,10,151,180,10,18.0,152
23291,12,151,205,12,17.083333333333332,152
23293,2,151,152,2,76.0,152
23297,4,151,155,4,38.75,152
23311,14,151,204,14,14.571428571428571,152
23321,10,151,170,10,17.0,152
23327,6,151,238,6,39.666666666666664,152
23333,6,151,196,6,32.666666666666664,152
23339,6,151,160,6,26.666666666666668,152
23357,18,151,250,18,13.88888888888889,152
23369,12,151,231,12,19.25,152
23371,2,151,152,2,76.0,152
23399,28,151,619,28,22.107142857142858,152
23417,18,152,317,18,17.61111111111111,153
23431,14,152,241,14,17.214285714285715,153
23447,16,152,208,16,13.0,153
23459,12,152,342,12,28.5,153
23473,14,152,231,14,16.5,153
23497,24,152,364,24,15.166666666666666,153
23509,12,152,260,12,21.666666666666668,153
23531,22,152,261,22,11.863636363636363,153
23537,6,152,257,6,42.833333333333336,153
23539,2,152,153,2,76.5,153
23549,10,152,177,10,17.7,153
23557,8,152,172,8,21.5,153
23561,4,152,156,4,39.0,153
23563,2,152,153,2,76.5,153
23567,4,152,156,4,39.0,153
23581,14,152,199,14,14.214285714285714,153
23593,12,152,298,12,24.833333333333332,153
23599,6,152,163,6,27.166666666666668,153
23603,4,152,156,4,39.0,153
23609,6,152,161,6,26.833333333333332,153
23623,14,152,195,14,13.928571428571429,153
23627,4,152,156,4,39.0,153
23629,2,152,153,2,76.5,153
23633,4,152,156,4,39.0,153
23663,30,152,419,30,13.966666666666667,153
23669,6,152,161,6,26.833333333333332,153
23671,2,152,153,2,76.5,153
23677,6,152,161,6,26.833333333333332,153
23687,10,152,177,10,17.7,153
23689,2,152,153,2,76.5,153
23719,30,153,690,30,23.0,154
23741,22,153,270,22,12.272727272727273,154
23743,2,153,154,2,77.0,154
23747,4,153,157,4,39.25,154
23753,6,153,168,6,28.0,154
23761,8,153,185,8,23.125,154
23767,6,153,162,6,27.0,154
23773,6,153,168,6,28.0,154
23789,16,153,205,16,12.8125,154
23801,12,153,255,12,21.25,154
23813,12,153,209,12,17.416666666666668,154
23819,6,153,162,6,27.0,154
23827,8,153,169,8,21.125,154
23831,4,153,157,4,39.25,154
23833,2,153,154,2,77.0,154
23857,24,153,355,24,14.791666666666666,154
23869,12,153,303,12,25.25,154
23873,4,153,157,4,39.25,154
23879,6,153,162,6,27.0,154
23887,8,153,173,8,21.625,154
23893,6,153,164,6,27.333333333333332,154
23899,6,153,180,6,30.0,154
23909,10,153,176,10,17.6,154
23911,2,153,154,2,77.0,154
23917,6,153,162,6,27.0,154
23929,12,153,297,12,24.75,154
23957,28,153,379,28,13.535714285714286,154
23971,14,153,220,14,15.714285714285714,154
23977,6,153,162,6,27.0,154
23981,4,153,157,4,39.25,154
23993,12,153,213,12,17.75,154
24001,8,153,265,8,33.125,154
24007,6,153,162,6,27.0,154
24019,12,153,191,12,15.916666666666666,154
24023,4,153,157,4,39.25,154
24029,6,154,163,6,27.166666666666668,155
24043,14,154,215,14,15.357142857142858,155
24049,6,154,297,6,49.5,155
24061,12,154,240,12,20.0,155
24071,10,154,207,10,20.7,155
24077,6,154,165,6,27.5,155
24083,6,154,169,6,28.166666666666668,155
24091,8,154,176,8,22.0,155
24097,6,154,163,6,27.166666666666668,155
24103,6,154,165,6,27.5,155
24107,4,154,158,4,39.5,155
24109,2,154,155,2,77.5,155
24113,4,154,158,4,39.5,155
24121,8,154,252,8,31.5,155
24133,12,154,248,12,20.666666666666668,155
24137,4,154,158,4,39.5,155
24151,14,154,293,14,20.928571428571427,155
24169,18,154,297,18,16.5,155
24179,10,154,189,10,18.9,155
24181,2,154,155,2,77.5,155
24197,16,154,218,16,13.625,155
24203,6,154,165,6,27.5,155
24223,20,154,342,20,17.1,155
24229,6,154,165,6,27.5,155
24239,10,154,177,10,17.7,155
24247,8,154,170,8,21.25,155
24251,4,154,158,4,39.5,155
24281,30,154,453,30,15.1,155
24317,36,154,650,36,18.055555555555557,155
24329,12,154,262,12,21.833333333333332,155
24337,8,155,193,8,24.125,156
24359,22,155,402,22,18.272727272727273,156
24371,12,155,191,12,15.916666666666666,156
24373,2,155,156,2,78.0,156
24379,6,155,178,6,29.666666666666668,156
24391,12,155,233,12,19.416666666666668,156
24407,16,155,237,16,14.8125,156
24413,6,155,166,6,27.666666666666668,156
24419,6,155,164,6,27.333333333333332,156
24421,2,155,156,2,78.0,156
24439,18,155,254,18,14.11111111111111,156
24443,4,155,159,4,39.75,156
24469,26,155,366,26,14.076923076923077,156
24473,4,155,159,4,39.75,156
24481,8,155,171,8,21.375,156
24499,18,155,254,18,14.11111111111111,156
24509,10,155,274,10,27.4,156
24517,8,155,291,8,36.375,156
24527,10,155,306,10,30.6,156
24533,6,155,178,6,29.666666666666668,156
24547,14,155,236,14,16.857142857142858,156
24551,4,155,159,4,39.75,156
24571,20,155,353,20,17.65,156
24593,22,155,330,22,15.0,156
24611,18,155,276,18,15.333333333333334,156
24623,12,155,423,12,35.25,156
24631,8,155,175,8,21.875,156
24659,28,156,566,28,20.214285714285715,157
24671,12,156,192,12,16.0,157
24677,6,156,171,6,28.5,157
24683,6,156,183,6,30.5,157
24691,8,156,172,8,21.5,157
24697,6,156,165,6,27.5,157
24709,12,156,218,12,18.166666666666668,157
24733,24,156,356,24,14.833333333333334,157
24749,16,156,320,16,20.0,157
24763,14,156,251,14,17.928571428571427,157
24767,4,156,160,4,40.0,157
24781,14,156,263,14,18.785714285714285,157
24793,12,156,188,12,15.666666666666666,157
24799,6,156,297,6,49.5,157
24809,10,156,185,10,18.5,157
24821,12,156,224,12,18.666666666666668,157
24841,20,156,370,20,18.5,157
24847,6,156,165,6,27.5,157
24851,4,156,160,4,40.0,157
24859,8,156,196,8,24.5,157
24877,18,156,219,18,12.166666666666666,157
24889,12,156,492,12,41.0,157
24907,18,156,231,18,12.833333333333334,157
24917,10,156,199,10,19.9,157
24919,2,156,157,2,78.5,157
24923,4,156,160,4,40.0,157
24943,20,156,398,20,19.9,157
24953,10,156,237,10,23.7,157
24967,14,157,294,14,21.0,158
24971,4,157,161,4,40.25,158
24977,6,157,174,6,29.0,158
24979,2,157,158,2,79.0,158
24989,10,157,176,10,17.6,158
25013,24,157,389,24,16.208333333333332,158
25031,18,157,464,18,25.77777777777778,158
25033,2,157,158,2,79.0,158
25037,4,157,161,4,40.25,158
25057,20,157,313,20,15.65,158
25073,16,157,275,16,17.1875,158
25087,14,157,212,14,15.142857142857142,158
25097,10,157,198,10,19.8,158
25111,14,157,208,14,14.857142857142858,158
25117,6,157,166,6,27.666666666666668,158
25121,4,157,161,4,40.25,158
25127,6,157,168,6,28.0,158
25147,20,157,285,20,14.25,158
25153,6,157,168,6,28.0,158
25163,10,157,314,10,31.4,158
25169,6,157,166,6,27.666666666666668,158
25171,2,157,158,2,79.0,158
25183,12,157,199,12,16.583333333333332,158
25189,6,157,250,6,41.666666666666664,158
25219,30,157,508,30,16.933333333333334,158
25229,10,157,180,10,18.0,158
25237,8,157,189,8,23.625,158
25243,6,157,204,6,34.0,158
25247,4,157,161,4,40.25,158
25253,6,157,168,6,28.0,158
25261,8,157,179,8,22.375,158
25301,40,158,584,40,14.6,159
25303,2,158,159,2,79.5,159
25307,4,158,162,4,40.5,159
25309,2,158,159,2,79.5,159
25321,12,158,194,12,16.166666666666668,159
25339,18,158,285,18,15.833333333333334,159
25343,4,158,162,4,40.5,159
25349,6,158,167,6,27.833333333333332,159
25357,8,158,268,8,33.5,159
25367,10,158,185,10,18.5,159
25373,6,158,185,6,30.833333333333332,159
25391,18,158,289,18,16.055555555555557,159
25409,18,158,367,18,20.38888888888889,159
25411,2,158,159,2,79.5,159
25423,12,158,188,12,15.666666666666666,159
25439,16,158,308,16,19.25,159
25447,8,158,180,8,22.5,159
25453,6,158,193,6,32.166666666666664,159
25457,4,158,162,4,40.5,159
25463,6,158,169,6,28.166666666666668,159
25469,6,158,167,6,27.833333333333332,159
25471,2,158,159,2,79.5,159
25523,52,158,696,52,13.384615384615385,159
25537,14,158,193,14,13.785714285714286,159
25541,4,158,162,4,40.5,159
25561,20,158,340,20,17.0,159
25577,16,158,324,16,20.25,159
25579,2,158,159,2,79.5,159
25583,4,158,162,4,40.5,159
25589,6,158,167,6,27.833333333333332,159
25601,12,159,339,12,28.25,160
25603,2,159,160,2,80.0,160
25609,6,159,192,6,32.0,160
25621,12,159,189,12,15.75,160
25633,12,159,197,12,16.416666666666668,160
25639,6,159,194,6,32.333333333333336,160
25643,4,159,163,4,40.75,160
25657,14,159,302,14,21.571428571428573,160
25667,10,159,244,10,24.4,160
25673,6,159,170,6,28.333333333333332,160
25679,6,159,168,6,28.0,160
25693,14,159,272,14,19.428571428571427,160
25703,10,159,204,10,20.4,160
25717,14,159,230,14,16.428571428571427,160
25733,16,159,239,16,14.9375,160
25741,8,159,175,8,21.875,160
25747,6,159,168,6,28.0,160
25759,12,159,227,12,18.916666666666668,160
25763,4,159,163,4,40.75,160
25771,8,159,241,8,30.125,160
25793,22,159,476,22,21.636363636363637,160
25799,6,159,168,6,28.0,160
25801,2,159,160,2,80.0,160
25819,18,159,452,18,25.11111111111111,160
25841,22,159,232,22,10.545454545454545,160
25847,6,159,206,6,34.333333333333336,160
25849,2,159,160,2,80.0,160
25867,18,159,312,18,17.333333333333332,160
25873,6,159,204,6,34.0,160
25889,16,159,305,16,19.0625,160
25903,14,159,266,14,19.0,160
25913,10,159,186,10,18.6,160
25919,6,159,168,6,28.0,160
25931,12,160,190,12,15.833333333333334,161
25933,2,160,161,2,80.5,161
25939,6,160,201,6,33.5,161
25943,4,160,164,4,41.0,161
25951,8,160,176,8,22.0,161
25969,18,160,319,18,17.72222222222222,161
25981,12,160,274,12,22.833333333333332,161
25997,16,160,206,16,12.875,161
25999,2,160,161,2,80.5,161
26003,4,160,164,4,41.0,161
26017,14,160,227,14,16.214285714285715,161
26021,4,160,164,4,41.0,161
26029,8,160,234,8,29.25,161
26041,12,160,192,12,16.0,161
26053,12,160,288,12,24.0,161
26083,30,160,595,30,19.833333333333332,161
26099,16,160,298,16,18.625,161
26107,8,160,212,8,26.5,161
26111,4,160,164,4,41.0,161
26113,2,160,161,2,80.5,161
26119,6,160,171,6,28.5,161
26141,22,160,417,22,18.954545454545453,161
26153,12,160,270,12,22.5,161
26161,8,160,176,8,22.0,161
26171,10,160,309,10,30.9,161
26177,6,160,171,6,28.5,161
26183,6,160,211,6,35.166666666666664,161
26189,6,160,169,6,28.166666666666668,161
26203,14,160,207,14,14.785714285714286,161
26209,6,160,237,6,39.5,161
26227,18,160,361,18,20.055555555555557,161
26237,10,160,221,10,22.1,161
26249,12,161,199,12,16.583333333333332,162
26251,2,161,162,2,81.0,162
26261,10,161,180,10,18.0,162
26263,2,161,162,2,81.0,162
26267,4,161,165,4,41.25,162
26293,26,161,516,26,19.846153846153847,162
26297,4,161,165,4,41.25,162
26309,12,161,209,12,17.416666666666668,162
26317,8,161,253,8,31.625,162
26321,4,161,165,4,41.25,162
26339,18,161,324,18,18.0,162
26347,8,161,177,8,22.125,162
26357,10,161,200,10,20.0,162
26371,14,161,264,14,18.857142857142858,162
26387,16,161,219,16,13.6875,162
26393,6,161,176,6,29.333333333333332,162
26399,6,161,170,6,28.333333333333332,162
26407,8,161,187,8,23.375,162
26417,10,161,236,10,23.6,162
26423,6,161,194,6,32.333333333333336,162
26431,8,161,183,8,22.875,162
26437,6,161,170,6,28.333333333333332,162
26449,12,161,389,12,32.416666666666664,162
26459,10,161,180,10,18.0,162
26479,20,161,367,20,18.35,162
26489,10,161,244,10,24.4,162
26497,8,161,229,8,28.625,162
26501,4,161,165,4,41.25,162
26513,12,161,205,12,17.083333333333332,162
26539,26,161,322,26,12.384615384615385,162
26557,18,161,338,18,18.77777777777778,162
26561,4,161,165,4,41.25,162
26573,12,162,464,12,38.666666666666664,163
26591,18,162,219,18,12.166666666666666,163
26597,6,162,173,6,28.833333333333332,163
26627,30,162,445,30,14.833333333333334,163
26633,6,162,197,6,32.833333333333336,163
26641,8,162,188,8,23.5,163
26647,6,162,171,6,28.5,163
26669,22,162,299,22,13.590909090909092,163
26681,12,162,330,12,27.5,163
26683,2,162,163,2,81.5,163
26687,4,162,166,4,41.5,163
26693,6,162,179,6,29.833333333333332,163
26699,6,162,171,6,28.5,163
26701,2,162,163,2,81.5,163
26711,10,162,191,10,19.1,163
26713,2,162,163,2,81.5,163
26717,4,162,166,4,41.5,163
26723,6,162,173,6,28.833333333333332,163
26729,6,162,171,6,28.5,163
26731,2,162,163,2,81.5,163
26737,6,162,171,6,28.5,163
26759,22,162,299,22,13.590909090909092,163
26777,18,162,257,18,14.277777777777779,163
26783,6,162,227,6,37.833333333333336,163
26801,18,162,389,18,21.61111111111111,163
26813,12,162,204,12,17.0,163
26821,8,162,184,8,23.0,163
26833,12,162,320,12,26.666666666666668,163
26839,6,162,213,6,35.5,163
26849,10,162,191,10,19.1,163
26861,12,162,292,12,24.333333333333332,163
26863,2,162,163,2,81.5,163
26879,16,162,348,16,21.75,163
26881,2,162,163,2,81.5,163
26891,10,162,181,10,18.1,163
26893,2,162,163,2,81.5,163
26903,10,163,220,10,22.0,164
26921,18,163,282,18,15.666666666666666,164
26927,6,163,180,6,30.0,164
26947,20,163,253,20,12.65,164
26951,4,163,167,4,41.75,164
26953,2,163,164,2,82.0,164
26959,6,163,174,6,29.0,164
26981,22,163,454,22,20.636363636363637,164
26987,6,163,178,6,29.666666666666668,164
26993,6,163,304,6,50.666666666666664,164
27011,18,163,316,18,17.555555555555557,164
27017,6,163,174,6,29.0,164
27031,14,163,428,14,30.571428571428573,164
27043,12,163,201,12,16.75,164
27059,16,163,219,16,13.6875,164
27061,2,163,164,2,82.0,164
27067,6,163,172,6,28.666666666666668,164
27073,6,163,178,6,29.666666666666668,164
27077,4,163,167,4,41.75,164
27091,14,163,298,14,21.285714285714285,164
27103,12,163,223,12,18.583333333333332,164
27107,4,163,167,4,41.75,164
27109,2,163,164,2,82.0,164
27127,18,163,286,18,15.88888888888889,164
27143,16,163,247,16,15.4375,164
27179,36,163,563,36,15.63888888888889,164
27191,12,163,213,12,17.75,164
27197,6,163,238,6,39.666666666666664,164
27211,14,163,252,14,18.0,164
27239,28,164,582,28,20.785714285714285,165
27241,2,164,165,2,82.5,165
27253,12,164,194,12,16.166666666666668,165
27259,6,164,265,6,44.166666666666664,165
27271,12,164,324,12,27.0,165
27277,6,164,173,6,28.833333333333332,165
27281,4,164,168,4,42.0,165
27283,2,164,165,2,82.5,165
27299,16,164,228,16,14.25,165
27329,30,164,427,30,14.233333333333333,165
27337,8,164,324,8,40.5,165
27361,24,164,394,24,16.416666666666668,165
27367,6,164,173,6,28.833333333333332,165
27397,30,164,547,30,18.233333333333334,165
27407,10,164,249,10,24.9,165
27409,2,164,165,2,82.5,165
27427,18,164,287,18,15.944444444444445,165
27431,4,164,168,4,42.0,165
27437,6,164,175,6,29.166666666666668,165
27449,12,164,212,12,17.666666666666668,165
